歌手,歌曲数,主流派别,平均流行度,最高流行度,发行年份中位数,平均danceability,平均energy,平均valence,平均acousticness,平均instrumentalness,平均liveness,平均speechiness,流派中文
DaBaby,6,rap,83.667,93,2019.0,0.815,0.694,0.679,0.081,0.0,0.174,0.3,说唱
Roddy Ricch,7,rap,83.429,98,2019.0,0.851,0.535,0.45,0.096,0.0,0.322,0.186,说唱
Harry Styles,9,pop,81.778,91,2019.0,0.586,0.635,0.401,0.216,0.0,0.187,0.037,流行
YNW Melly,7,rap,81.571,90,2019.0,0.787,0.539,0.539,0.18,0.0,0.101,0.192,说唱
Billie Eilish,26,r&b,76.962,97,2019.0,0.645,0.316,0.273,0.618,0.114,0.136,0.164,R&B
Lewis Capaldi,9,pop,76.889,94,2019.0,0.599,0.587,0.378,0.5,0.0,0.163,0.046,流行
Alec Benjamin,6,r&b,76.833,86,2018.5,0.69,0.569,0.675,0.592,0.0,0.225,0.046,R&B
Dimelo Flow,5,latin,76.8,90,2019.0,0.761,0.708,0.695,0.235,0.0,0.192,0.125,拉丁
Rich Music LTD,6,latin,76.5,88,2019.0,0.688,0.785,0.674,0.188,0.0,0.217,0.214,拉丁
Twenty One Pilots,8,pop,76.125,83,2015.0,0.667,0.668,0.543,0.046,0.008,0.152,0.063,流行
TINI,5,latin,76.0,82,2019.0,0.688,0.675,0.65,0.196,0.0,0.105,0.146,拉丁
Doja Cat,8,r&b,74.75,88,2019.0,0.765,0.611,0.509,0.274,0.0,0.106,0.106,R&B
Tones and I,10,pop,74.6,100,2019.0,0.709,0.501,0.373,0.567,0.0,0.161,0.089,流行
Green Day,10,pop,73.2,79,2004.0,0.463,0.8,0.619,0.029,0.0,0.295,0.039,流行
iann dior,5,rap,73.2,80,2019.0,0.68,0.652,0.283,0.116,0.0,0.103,0.048,说唱
Gusttavo Lima,6,edm,73.167,84,2019.0,0.748,0.914,0.782,0.32,0.0,0.672,0.056,电子舞曲
tha Supreme,6,rap,73.0,79,2019.0,0.648,0.776,0.593,0.125,0.0,0.151,0.116,说唱
Lil Peep,7,rap,72.857,83,2019.0,0.676,0.615,0.346,0.037,0.0,0.21,0.052,说唱
Piso 21,9,latin,72.778,86,2018.0,0.733,0.744,0.694,0.202,0.0,0.098,0.11,拉丁
Cardi B,8,r&b,72.625,84,2018.0,0.842,0.632,0.435,0.039,0.0,0.224,0.167,R&B
benny blanco,7,pop,72.571,84,2018.0,0.684,0.689,0.458,0.245,0.021,0.207,0.197,流行
Camila Cabello,16,pop,72.25,94,2019.0,0.646,0.566,0.446,0.23,0.0,0.149,0.055,流行
Dave,6,rap,72.0,79,2019.0,0.854,0.608,0.613,0.14,0.0,0.156,0.236,说唱
Anitta,5,latin,72.0,85,2019.0,0.758,0.701,0.605,0.285,0.0,0.159,0.101,拉丁
Khalid,28,pop,71.643,87,2018.0,0.692,0.536,0.378,0.231,0.038,0.143,0.127,流行
Offset,5,rap,71.6,81,2019.0,0.896,0.549,0.423,0.224,0.0,0.118,0.2,说唱
ROSALÍA,9,r&b,71.444,88,2018.0,0.736,0.52,0.53,0.548,0.075,0.12,0.141,R&B
AC/DC,14,rock,71.429,83,1980.0,0.503,0.828,0.49,0.045,0.088,0.206,0.089,摇滚
Bryson Tiller,5,rap,71.4,80,2015.0,0.642,0.43,0.297,0.153,0.0,0.126,0.189,说唱
XXXTENTACION,9,rap,71.222,87,2017.0,0.79,0.612,0.472,0.244,0.001,0.146,0.148,说唱
Ava Max,11,pop,71.182,87,2019.0,0.667,0.77,0.548,0.099,0.003,0.135,0.055,流行
Jesse & Joy,7,latin,71.143,78,2017.0,0.626,0.689,0.55,0.179,0.0,0.178,0.064,拉丁
One Direction,12,pop,71.0,80,2013.0,0.633,0.727,0.607,0.16,0.0,0.105,0.052,流行
Luis Miguel,5,latin,70.8,77,1988.0,0.573,0.615,0.438,0.15,0.0,0.101,0.033,拉丁
Russ,6,rap,70.667,82,2018.5,0.721,0.578,0.457,0.294,0.0,0.143,0.224,说唱
KAROL G,9,latin,70.556,98,2019.0,0.736,0.743,0.592,0.27,0.0,0.147,0.11,拉丁
John Mayer,8,latin,70.5,80,2006.0,0.619,0.507,0.548,0.549,0.014,0.231,0.041,拉丁
Feid,5,latin,70.2,76,2019.0,0.753,0.624,0.679,0.372,0.001,0.125,0.212,拉丁
5 Seconds of Summer,12,pop,70.167,84,2018.0,0.592,0.717,0.476,0.086,0.0,0.164,0.147,流行
Arizona Zervas,7,rap,70.143,99,2018.0,0.725,0.676,0.544,0.064,0.0,0.238,0.094,说唱
Jhay Cortez,7,latin,70.0,86,2019.0,0.768,0.696,0.532,0.166,0.0,0.151,0.105,拉丁
Rex Orange County,10,pop,69.9,81,2017.0,0.597,0.51,0.338,0.421,0.001,0.155,0.066,流行
Nickelback,5,rock,69.8,78,2005.0,0.507,0.835,0.469,0.001,0.078,0.224,0.039,摇滚
"Tyler, The Creator",11,r&b,69.545,84,2017.0,0.547,0.553,0.361,0.318,0.052,0.322,0.189,R&B
Robbie Williams,5,rock,69.4,73,1998.0,0.491,0.734,0.414,0.172,0.001,0.203,0.037,摇滚
Aventura,6,latin,69.167,74,2005.5,0.767,0.656,0.747,0.399,0.0,0.26,0.118,拉丁
Prince Royce,8,latin,68.75,75,2018.0,0.762,0.747,0.781,0.302,0.0,0.195,0.06,拉丁
Beyoncé,18,r&b,68.722,77,2012.5,0.576,0.59,0.475,0.203,0.012,0.23,0.181,R&B
C. Tangana,6,latin,68.667,79,2019.0,0.766,0.654,0.627,0.294,0.005,0.166,0.147,拉丁
NLE Choppa,14,rap,68.571,85,2019.0,0.764,0.686,0.625,0.176,0.0,0.303,0.353,说唱
Lunay,8,latin,68.5,89,2019.0,0.718,0.816,0.778,0.329,0.001,0.182,0.063,拉丁
Mabel,5,pop,68.0,85,2019.0,0.693,0.872,0.544,0.322,0.077,0.107,0.107,流行
Trippie Redd,11,rap,68.0,83,2019.0,0.751,0.618,0.526,0.242,0.0,0.176,0.104,说唱
James Arthur,16,pop,67.75,85,2018.0,0.53,0.608,0.41,0.334,0.0,0.117,0.097,流行
Noah Cyrus,6,pop,67.667,88,2017.5,0.642,0.515,0.356,0.458,0.0,0.101,0.057,流行
Vitão,5,r&b,67.6,76,2019.0,0.766,0.547,0.648,0.118,0.0,0.414,0.135,R&B
Travis Scott,12,rap,67.583,94,2018.0,0.68,0.617,0.218,0.056,0.003,0.155,0.085,说唱
21 Savage,9,rap,67.556,83,2017.0,0.823,0.519,0.291,0.124,0.083,0.157,0.257,说唱
Romeo Santos,11,latin,67.545,76,2017.0,0.778,0.706,0.745,0.276,0.0,0.153,0.071,拉丁
PRETTYMUCH,5,r&b,67.4,76,2018.0,0.724,0.579,0.489,0.205,0.0,0.325,0.088,R&B
Lorde,6,pop,67.333,78,2013.0,0.65,0.52,0.306,0.187,0.105,0.133,0.08,流行
Manuel Turizo,9,latin,67.222,83,2018.0,0.719,0.543,0.72,0.486,0.0,0.2,0.123,拉丁
Slipknot,6,rock,67.167,77,2011.0,0.439,0.921,0.289,0.004,0.007,0.141,0.086,摇滚
Nio Garcia,6,latin,67.167,80,2019.0,0.823,0.679,0.637,0.28,0.0,0.146,0.187,拉丁
Bruno Mars,20,pop,67.15,82,2012.0,0.724,0.729,0.655,0.139,0.0,0.158,0.062,流行
Mau y Ricky,7,latin,67.143,82,2019.0,0.673,0.732,0.73,0.214,0.0,0.294,0.172,拉丁
boy pablo,5,pop,67.0,70,2018.0,0.538,0.616,0.762,0.022,0.01,0.199,0.04,流行
Daryl Hall & John Oates,6,rock,66.833,77,1978.0,0.667,0.525,0.697,0.321,0.06,0.167,0.069,摇滚
24kGoldn,6,r&b,66.833,84,2019.0,0.743,0.596,0.502,0.128,0.0,0.129,0.157,R&B
Myke Towers,11,rap,66.818,84,2019.0,0.777,0.7,0.696,0.303,0.0,0.163,0.233,说唱
Dean Lewis,5,r&b,66.8,83,2018.0,0.518,0.541,0.315,0.508,0.0,0.103,0.039,R&B
Lil Uzi Vert,9,rap,66.778,91,2017.0,0.796,0.629,0.407,0.06,0.0,0.136,0.214,说唱
Lil Baby,8,rap,66.75,88,2018.0,0.887,0.515,0.365,0.068,0.0,0.224,0.369,说唱
Amenazzy,6,latin,66.667,73,2019.0,0.696,0.703,0.51,0.307,0.043,0.138,0.094,拉丁
The Clash,5,rock,66.6,79,1979.0,0.693,0.817,0.819,0.139,0.0,0.201,0.067,摇滚
A Boogie Wit da Hoodie,10,r&b,66.5,85,2018.0,0.713,0.658,0.573,0.215,0.0,0.126,0.181,R&B
Bedoes,6,rap,66.333,70,2019.0,0.677,0.586,0.376,0.319,0.003,0.231,0.238,说唱
Maná,9,latin,66.222,72,2006.0,0.69,0.666,0.554,0.269,0.0,0.216,0.028,拉丁
El Alfa,5,latin,66.0,81,2018.0,0.781,0.893,0.546,0.195,0.004,0.323,0.165,拉丁
Daniel Caesar,19,r&b,66.0,79,2017.0,0.512,0.383,0.324,0.654,0.001,0.147,0.063,R&B
SZA,11,r&b,65.909,77,2017.0,0.63,0.535,0.368,0.388,0.0,0.193,0.121,R&B
Madison Beer,6,pop,65.833,75,2018.0,0.662,0.63,0.505,0.165,0.0,0.141,0.17,流行
Daft Punk,12,pop,65.833,76,2002.0,0.736,0.734,0.55,0.128,0.396,0.154,0.086,流行
Red Hot Chili Peppers,15,rock,65.733,81,2002.0,0.576,0.805,0.53,0.072,0.02,0.146,0.048,摇滚
Pablo Alborán,6,latin,65.333,78,2014.0,0.643,0.642,0.432,0.218,0.0,0.191,0.051,拉丁
Frank Ocean,27,r&b,65.296,82,2016.0,0.593,0.415,0.41,0.534,0.033,0.194,0.126,R&B
Jon Z,7,rap,65.286,73,2019.0,0.797,0.711,0.439,0.258,0.0,0.134,0.163,说唱
Summer Walker,9,r&b,65.222,80,2019.0,0.661,0.475,0.29,0.402,0.0,0.165,0.149,R&B
Ed Sheeran,34,pop,65.059,91,2018.0,0.721,0.647,0.569,0.275,0.0,0.145,0.088,流行
Dua Lipa,17,pop,65.059,97,2017.0,0.705,0.668,0.484,0.072,0.0,0.11,0.102,流行
Arctic Monkeys,8,rock,65.0,82,2008.0,0.498,0.797,0.607,0.035,0.007,0.222,0.058,摇滚
Los Angeles Azules,5,latin,65.0,76,2018.0,0.761,0.609,0.833,0.322,0.0,0.096,0.044,拉丁
Young Thug,21,rap,64.905,86,2017.0,0.814,0.568,0.418,0.058,0.0,0.185,0.199,说唱
blackbear,10,pop,64.9,94,2017.0,0.727,0.613,0.539,0.156,0.0,0.233,0.088,流行
Justin Bieber,17,pop,64.882,95,2012.0,0.661,0.675,0.604,0.267,0.0,0.183,0.09,流行
Casper Magico,5,rap,64.8,74,2019.0,0.819,0.755,0.58,0.361,0.0,0.194,0.147,说唱
Lauv,20,pop,64.8,85,2018.5,0.686,0.537,0.431,0.293,0.0,0.127,0.108,流行
Becky G,15,latin,64.733,79,2018.0,0.75,0.699,0.536,0.181,0.015,0.196,0.094,拉丁
Ultimo,7,r&b,64.714,76,2019.0,0.563,0.508,0.364,0.477,0.0,0.123,0.05,R&B
Quality Control,7,rap,64.714,79,2019.0,0.888,0.679,0.484,0.093,0.0,0.233,0.207,说唱
Little Mix,9,pop,64.667,77,2016.0,0.703,0.779,0.65,0.093,0.0,0.282,0.068,流行
Niall Horan,6,pop,64.333,87,2018.0,0.683,0.553,0.626,0.123,0.021,0.123,0.039,流行
Smokepurpp,5,rap,64.2,74,2019.0,0.813,0.654,0.573,0.055,0.0,0.113,0.319,说唱
SiR,6,r&b,64.167,70,2019.0,0.719,0.501,0.475,0.161,0.0,0.208,0.191,R&B
Nicki Minaj,11,pop,64.091,75,2015.0,0.84,0.684,0.654,0.137,0.003,0.278,0.202,流行
Muse,24,rock,64.083,75,2007.5,0.506,0.778,0.401,0.088,0.043,0.178,0.053,摇滚
Flo Rida,13,pop,64.0,79,2012.0,0.711,0.826,0.611,0.038,0.001,0.215,0.081,流行
Zion & Lennox,9,latin,63.778,76,2016.0,0.781,0.764,0.6,0.106,0.0,0.146,0.123,拉丁
Lil Nas X,9,pop,63.667,90,2019.0,0.774,0.621,0.514,0.17,0.0,0.154,0.081,流行
Jovem Dex,5,rap,63.6,65,2019.0,0.784,0.626,0.4,0.031,0.0,0.112,0.119,说唱
Oasis,10,rock,63.6,79,1995.0,0.324,0.833,0.308,0.083,0.01,0.179,0.042,摇滚
Maluma,15,latin,63.6,86,2018.0,0.78,0.742,0.733,0.232,0.0,0.243,0.16,拉丁
Sidoka,8,rap,63.5,73,2019.0,0.809,0.664,0.486,0.293,0.0,0.124,0.18,说唱
Jason Derulo,17,pop,63.412,76,2015.0,0.674,0.74,0.66,0.108,0.0,0.212,0.135,流行
James Blunt,5,rock,63.4,76,2007.0,0.605,0.559,0.373,0.491,0.0,0.12,0.03,摇滚
The Strokes,11,rock,63.364,73,2003.0,0.545,0.714,0.69,0.138,0.365,0.182,0.037,摇滚
MAX,7,pop,63.286,78,2019.0,0.703,0.676,0.663,0.096,0.0,0.218,0.076,流行
Bring Me The Horizon,5,rock,63.2,73,2019.0,0.374,0.872,0.427,0.0,0.001,0.302,0.114,摇滚
Vampire Weekend,5,pop,63.2,70,2013.0,0.597,0.631,0.689,0.344,0.012,0.17,0.058,流行
Jonas Brothers,9,pop,63.111,87,2019.0,0.67,0.754,0.739,0.023,0.0,0.192,0.066,流行
Bacilos,6,latin,63.0,69,2006.0,0.723,0.786,0.861,0.163,0.0,0.152,0.071,拉丁
Gorillaz,6,rock,63.0,80,2005.0,0.692,0.786,0.692,0.024,0.246,0.284,0.125,摇滚
Stormzy,11,rap,62.909,88,2019.0,0.674,0.704,0.491,0.255,0.0,0.197,0.261,说唱
Mac Miller,15,r&b,62.733,87,2016.0,0.727,0.516,0.419,0.394,0.033,0.174,0.169,R&B
Teyana Taylor,7,r&b,62.714,71,2018.0,0.6,0.562,0.563,0.414,0.0,0.13,0.164,R&B
Zoé,6,rock,62.667,70,2007.0,0.551,0.739,0.551,0.184,0.208,0.226,0.032,摇滚
Jack Ü,6,pop,62.667,76,2015.0,0.536,0.868,0.293,0.061,0.0,0.163,0.177,流行
Alok,12,edm,62.583,79,2019.0,0.676,0.793,0.473,0.143,0.043,0.208,0.074,电子舞曲
T-Pain,6,rap,62.333,76,2010.5,0.702,0.52,0.392,0.049,0.0,0.13,0.111,说唱
Dalex,10,latin,62.3,91,2019.0,0.664,0.618,0.563,0.549,0.0,0.333,0.192,拉丁
Burna Boy,7,r&b,62.286,74,2019.0,0.742,0.711,0.72,0.311,0.019,0.117,0.171,R&B
The Killers,8,rock,62.25,77,2004.0,0.456,0.944,0.424,0.012,0.013,0.148,0.091,摇滚
Silvestre Dangond,5,latin,62.2,68,2018.0,0.751,0.86,0.667,0.092,0.0,0.129,0.094,拉丁
Grouplove,5,pop,62.0,78,2017.0,0.526,0.841,0.417,0.003,0.009,0.163,0.057,流行
Blur,5,rock,62.0,74,2000.0,0.697,0.749,0.827,0.026,0.134,0.083,0.05,摇滚
Ricardo Arjona,5,latin,62.0,74,2012.0,0.637,0.629,0.416,0.444,0.0,0.208,0.034,拉丁
Coldplay,34,rock,61.971,83,2014.0,0.485,0.596,0.27,0.2,0.167,0.218,0.034,摇滚
Sum 41,8,rock,61.875,74,2002.0,0.462,0.91,0.593,0.0,0.013,0.178,0.096,摇滚
Mobb Deep,6,rap,61.833,73,1995.5,0.783,0.721,0.479,0.16,0.002,0.247,0.298,说唱
Mahalia,5,r&b,61.8,67,2019.0,0.643,0.571,0.575,0.42,0.0,0.205,0.179,R&B
Fall Out Boy,12,pop,61.583,79,2014.0,0.504,0.911,0.487,0.022,0.0,0.321,0.085,流行
Panic! At The Disco,12,pop,61.583,86,2015.5,0.514,0.868,0.538,0.093,0.0,0.261,0.084,流行
Paramore,6,latin,61.5,74,2008.0,0.637,0.717,0.746,0.103,0.0,0.117,0.045,拉丁
Comethazine,6,rap,61.5,75,2019.0,0.786,0.657,0.639,0.157,0.0,0.22,0.305,说唱
Tymek,6,rap,61.5,70,2019.0,0.724,0.654,0.537,0.3,0.0,0.183,0.198,说唱
The Beatles,15,rock,61.467,79,1970.0,0.451,0.574,0.513,0.244,0.086,0.24,0.052,摇滚
Miguel,7,r&b,61.429,77,2017.0,0.625,0.561,0.49,0.191,0.004,0.142,0.103,R&B
Destiny's Child,6,r&b,61.333,76,2000.0,0.635,0.637,0.658,0.232,0.0,0.208,0.195,R&B
Alicia Keys,11,r&b,61.182,79,2012.0,0.579,0.586,0.351,0.311,0.001,0.163,0.085,R&B
Dennis DJ,7,edm,61.143,67,2019.0,0.787,0.742,0.749,0.265,0.0,0.083,0.215,电子舞曲
Ricky Martin,7,latin,61.0,73,2011.0,0.612,0.786,0.6,0.275,0.0,0.321,0.087,拉丁
GAMPER & DADONI,5,latin,61.0,72,2019.0,0.71,0.657,0.385,0.074,0.118,0.18,0.057,拉丁
Bazzi,6,pop,61.0,81,2018.5,0.722,0.674,0.512,0.263,0.0,0.194,0.06,流行
BROCKHAMPTON,16,r&b,61.0,88,2017.0,0.671,0.571,0.529,0.291,0.002,0.181,0.139,R&B
Shakira,18,latin,60.944,80,2009.0,0.725,0.7,0.712,0.251,0.0,0.193,0.079,拉丁
Bizarrap,10,rap,60.9,77,2019.0,0.809,0.665,0.586,0.192,0.002,0.167,0.173,说唱
Cat Dealers,6,edm,60.833,67,2018.5,0.727,0.755,0.378,0.006,0.016,0.171,0.078,电子舞曲
Sebastian Yatra,12,latin,60.833,80,2018.0,0.737,0.644,0.712,0.206,0.0,0.154,0.073,拉丁
Lalo Ebratt,6,latin,60.833,77,2019.0,0.693,0.74,0.848,0.268,0.0,0.182,0.109,拉丁
Au/Ra,5,edm,60.8,75,2018.0,0.599,0.701,0.353,0.165,0.094,0.114,0.054,电子舞曲
fun.,5,pop,60.8,75,2012.0,0.504,0.623,0.582,0.225,0.0,0.104,0.061,流行
Luis Fonsi,20,latin,60.75,79,2017.5,0.702,0.746,0.747,0.219,0.0,0.159,0.111,拉丁
Rels B,7,rap,60.714,69,2018.0,0.839,0.547,0.605,0.399,0.001,0.14,0.173,说唱
Rage Against The Machine,6,rock,60.667,78,1997.5,0.447,0.897,0.559,0.014,0.028,0.138,0.238,摇滚
H.E.R.,11,r&b,60.636,81,2018.0,0.574,0.397,0.272,0.419,0.001,0.171,0.193,R&B
Bebe Rexha,8,pop,60.625,81,2018.0,0.601,0.718,0.452,0.204,0.0,0.124,0.061,流行
The Cratez,5,rap,60.6,81,2019.0,0.69,0.721,0.401,0.246,0.005,0.181,0.182,说唱
Mamamoo,7,pop,60.571,81,2018.0,0.758,0.728,0.718,0.298,0.0,0.147,0.114,流行
AJ Mitchell,6,pop,60.333,78,2019.0,0.68,0.647,0.428,0.199,0.0,0.129,0.061,流行
Rauw Alejandro,12,rap,60.333,92,2019.0,0.773,0.687,0.599,0.312,0.0,0.254,0.075,说唱
Whethan,7,pop,60.286,69,2018.0,0.692,0.606,0.388,0.221,0.118,0.124,0.179,流行
Clean Bandit,17,pop,60.235,80,2018.0,0.727,0.722,0.557,0.171,0.0,0.222,0.06,流行
Fifth Harmony,5,pop,60.2,78,2016.0,0.755,0.725,0.643,0.065,0.0,0.137,0.07,流行
Snakehips,5,pop,60.2,74,2017.0,0.657,0.767,0.408,0.103,0.004,0.356,0.096,流行
Labrinth,6,r&b,60.0,79,2017.0,0.482,0.542,0.339,0.406,0.044,0.195,0.135,R&B
Mata,5,rap,60.0,71,2019.0,0.712,0.619,0.297,0.258,0.0,0.15,0.357,说唱
schafter,5,rap,60.0,63,2019.0,0.771,0.663,0.572,0.36,0.001,0.133,0.196,说唱
Pixies,5,rock,60.0,74,1989.0,0.519,0.6,0.47,0.007,0.081,0.183,0.036,摇滚
Pet Shop Boys,7,pop,60.0,70,1987.0,0.584,0.897,0.539,0.09,0.035,0.205,0.041,流行
Ciara,5,r&b,60.0,74,2015.0,0.771,0.693,0.622,0.025,0.004,0.127,0.124,R&B
Linkin Park,18,rock,59.944,83,2005.0,0.552,0.889,0.554,0.033,0.001,0.2,0.07,摇滚
Kodak Black,5,rap,59.8,83,2018.0,0.833,0.59,0.498,0.056,0.0,0.098,0.208,说唱
Diddy,9,rap,59.778,71,1999.0,0.781,0.634,0.742,0.234,0.0,0.303,0.247,说唱
Kelly Clarkson,9,pop,59.667,73,2004.0,0.547,0.691,0.35,0.065,0.01,0.256,0.042,流行
Brytiago,11,rap,59.636,75,2019.0,0.797,0.676,0.596,0.4,0.0,0.228,0.173,说唱
Taylor Swift,24,pop,59.625,86,2014.0,0.658,0.67,0.571,0.116,0.0,0.116,0.104,流行
Selena Gomez,25,pop,59.56,93,2017.0,0.673,0.702,0.475,0.113,0.002,0.192,0.077,流行
Sam Smith,14,r&b,59.5,91,2017.0,0.592,0.469,0.321,0.454,0.015,0.126,0.049,R&B
Disturbed,14,rock,59.429,74,2010.0,0.516,0.955,0.532,0.0,0.034,0.19,0.099,摇滚
Liam Payne,7,pop,59.429,76,2018.0,0.705,0.707,0.544,0.126,0.0,0.142,0.103,流行
Ozuna,39,latin,59.282,85,2018.0,0.753,0.706,0.657,0.186,0.0,0.127,0.105,拉丁
Frenna,7,latin,59.143,69,2019.0,0.812,0.676,0.669,0.05,0.031,0.137,0.116,拉丁
French Montana,11,rap,58.909,82,2018.0,0.761,0.759,0.566,0.068,0.005,0.151,0.156,说唱
Joy Division,7,rock,58.857,71,2008.0,0.482,0.77,0.642,0.045,0.562,0.125,0.056,摇滚
Saint Motel,5,pop,58.8,65,2014.0,0.566,0.74,0.517,0.186,0.019,0.138,0.042,流行
NGHTMRE,5,edm,58.8,67,2019.0,0.637,0.876,0.338,0.011,0.209,0.32,0.116,电子舞曲
Eagles,9,rock,58.778,82,1976.0,0.556,0.556,0.647,0.295,0.009,0.167,0.039,摇滚
Paulo Londra,18,rap,58.667,79,2019.0,0.816,0.585,0.547,0.27,0.0,0.157,0.171,说唱
The 1975,10,pop,58.6,74,2017.0,0.617,0.813,0.48,0.082,0.004,0.185,0.062,流行
Hinder,5,rock,58.6,71,2005.0,0.455,0.829,0.347,0.051,0.0,0.221,0.042,摇滚
dodie,5,pop,58.6,65,2017.0,0.635,0.533,0.591,0.552,0.003,0.265,0.113,流行
Adele,15,pop,58.533,79,2011.0,0.634,0.568,0.479,0.29,0.0,0.112,0.052,流行
KAYTRANADA,14,r&b,58.429,70,2016.0,0.771,0.649,0.473,0.022,0.134,0.203,0.209,R&B
Loote,5,pop,58.4,67,2019.0,0.664,0.596,0.554,0.291,0.0,0.157,0.07,流行
Malik Montana,6,rap,58.333,62,2019.0,0.783,0.562,0.606,0.249,0.002,0.254,0.245,说唱
De La Ghetto,6,latin,58.333,66,2017.0,0.807,0.73,0.514,0.114,0.0,0.196,0.169,拉丁
Loud Luxury,10,pop,58.3,79,2018.5,0.767,0.786,0.568,0.041,0.0,0.255,0.046,流行
alt-J,7,pop,58.286,73,2012.0,0.536,0.65,0.244,0.319,0.076,0.189,0.037,流行
Katy Perry,37,pop,58.216,85,2013.0,0.637,0.773,0.529,0.077,0.0,0.203,0.071,流行
Skillet,6,rock,58.167,75,2012.5,0.546,0.93,0.496,0.009,0.0,0.26,0.09,摇滚
Poison,8,rock,58.0,71,1989.0,0.537,0.855,0.526,0.057,0.0,0.302,0.057,摇滚
Leon Bridges,5,r&b,58.0,67,2018.0,0.666,0.528,0.619,0.38,0.002,0.108,0.043,R&B
ILLENIUM,15,edm,58.0,75,2018.0,0.521,0.736,0.303,0.155,0.001,0.224,0.08,电子舞曲
FISHER,5,edm,58.0,79,2018.0,0.813,0.88,0.755,0.007,0.589,0.191,0.076,电子舞曲
Bad Bunny,32,rap,57.969,93,2018.0,0.755,0.606,0.378,0.353,0.0,0.163,0.138,说唱
The Doobie Brothers,7,rock,57.857,75,1976.0,0.62,0.648,0.847,0.239,0.001,0.073,0.039,摇滚
Bakermat,7,latin,57.857,76,2017.0,0.678,0.691,0.534,0.148,0.314,0.256,0.066,拉丁
Hannah Montana,5,pop,57.8,65,2007.0,0.586,0.917,0.687,0.029,0.0,0.271,0.066,流行
Godsmack,9,rock,57.778,67,2010.0,0.386,0.885,0.493,0.0,0.004,0.152,0.1,摇滚
$uicideBoy$,26,rap,57.731,77,2016.0,0.771,0.679,0.254,0.178,0.091,0.195,0.145,说唱
BLACKPINK,7,pop,57.714,79,2018.0,0.709,0.877,0.576,0.161,0.001,0.24,0.154,流行
Macklemore & Ryan Lewis,7,pop,57.714,83,2012.0,0.7,0.635,0.583,0.119,0.001,0.11,0.191,流行
Jacquees,5,r&b,57.6,69,2019.0,0.653,0.591,0.461,0.037,0.0,0.096,0.127,R&B
Baby Rasta & Gringo,5,latin,57.6,64,2015.0,0.8,0.731,0.753,0.09,0.035,0.168,0.077,拉丁
Juice WRLD,14,rap,57.571,92,2018.0,0.619,0.595,0.334,0.216,0.0,0.213,0.183,说唱
Post Malone,27,pop,57.519,98,2018.0,0.668,0.628,0.446,0.278,0.0,0.129,0.078,流行
Żabson,6,rap,57.5,63,2019.0,0.725,0.736,0.484,0.264,0.0,0.193,0.158,说唱
Marshmello,26,pop,57.462,89,2018.0,0.617,0.831,0.423,0.068,0.096,0.243,0.082,流行
Mark Ronson,11,pop,57.455,82,2019.0,0.746,0.753,0.582,0.1,0.003,0.162,0.117,流行
Three Days Grace,14,rock,57.357,72,2008.0,0.453,0.883,0.425,0.003,0.0,0.142,0.054,摇滚
Alejandro Sanz,6,latin,57.333,74,2004.0,0.549,0.671,0.537,0.391,0.0,0.093,0.055,拉丁
Blondie,6,rock,57.333,70,1989.5,0.568,0.753,0.702,0.02,0.003,0.102,0.045,摇滚
Bryant Myers,6,rap,57.333,79,2019.0,0.791,0.622,0.453,0.323,0.0,0.117,0.194,说唱
Kygo,42,pop,57.286,87,2017.0,0.636,0.66,0.431,0.209,0.017,0.167,0.079,流行
X Ambassadors,7,pop,57.286,77,2018.0,0.479,0.661,0.405,0.073,0.005,0.26,0.068,流行
Led Zeppelin,23,rock,57.261,78,1971.0,0.454,0.714,0.602,0.231,0.073,0.206,0.072,摇滚
Marc Anthony,11,latin,57.182,75,2018.0,0.638,0.801,0.78,0.353,0.0,0.211,0.065,拉丁
Dfideliz,6,rap,57.167,61,2019.0,0.87,0.55,0.536,0.245,0.011,0.109,0.153,说唱
Chayanne,6,latin,57.167,67,1997.0,0.55,0.671,0.5,0.304,0.0,0.179,0.038,拉丁
Miky Woodz,5,latin,57.0,66,2019.0,0.825,0.676,0.597,0.186,0.0,0.237,0.139,拉丁
DrefQuila,5,rap,57.0,64,2018.0,0.717,0.445,0.339,0.372,0.022,0.13,0.096,说唱
The Carters,5,rap,57.0,67,2018.0,0.675,0.73,0.506,0.081,0.0,0.243,0.296,说唱
David Bisbal,7,latin,57.0,71,2019.0,0.604,0.68,0.525,0.341,0.0,0.149,0.066,拉丁
Foo Fighters,19,rock,56.842,77,2009.0,0.404,0.793,0.386,0.085,0.018,0.229,0.049,摇滚
Fitz and The Tantrums,5,pop,56.8,67,2016.0,0.6,0.851,0.621,0.076,0.003,0.136,0.051,流行
Kim Petras,5,pop,56.8,62,2019.0,0.652,0.653,0.553,0.113,0.0,0.2,0.057,流行
Brent Faiyaz,6,r&b,56.667,68,2016.0,0.566,0.424,0.276,0.495,0.0,0.111,0.087,R&B
Meghan Trainor,12,pop,56.667,78,2017.0,0.688,0.7,0.605,0.139,0.002,0.277,0.119,流行
Chicago,6,rock,56.667,74,1975.5,0.56,0.656,0.492,0.165,0.006,0.11,0.035,摇滚
Swedish House Mafia,8,edm,56.625,77,2012.0,0.652,0.795,0.533,0.083,0.157,0.199,0.054,电子舞曲
Young the Giant,5,pop,56.6,70,2016.0,0.598,0.819,0.652,0.016,0.0,0.464,0.051,流行
Oliver Heldens,6,edm,56.333,70,2019.0,0.69,0.928,0.544,0.099,0.221,0.181,0.106,电子舞曲
Caifanes,22,rock,56.318,71,1991.0,0.567,0.693,0.538,0.227,0.021,0.195,0.041,摇滚
Why Don't We,10,pop,56.3,80,2019.0,0.626,0.629,0.461,0.191,0.0,0.144,0.049,流行
Lenny Kravitz,7,rock,56.286,72,2000.0,0.7,0.734,0.779,0.044,0.01,0.266,0.045,摇滚
"Tito ""El Bambino""",11,latin,56.273,65,2010.0,0.825,0.773,0.71,0.117,0.0,0.222,0.074,拉丁
Julia Michaels,5,pop,56.2,78,2018.0,0.621,0.607,0.515,0.344,0.0,0.101,0.073,流行
Jamaika,6,rap,56.167,59,2019.5,0.66,0.626,0.527,0.163,0.0,0.191,0.144,说唱
Danny Ocean,7,latin,56.143,77,2019.0,0.761,0.718,0.426,0.236,0.0,0.074,0.118,拉丁
Loyle Carner,8,pop,56.125,65,2019.0,0.78,0.626,0.376,0.47,0.049,0.156,0.238,流行
Tory Lanez,9,rap,56.0,73,2019.0,0.715,0.657,0.33,0.069,0.0,0.117,0.152,说唱
Eddie Money,6,rock,56.0,67,1980.0,0.594,0.792,0.741,0.062,0.0,0.105,0.033,摇滚
RL Grime,9,edm,55.889,73,2018.0,0.519,0.868,0.262,0.225,0.189,0.136,0.074,电子舞曲
Luny Tunes,7,latin,55.857,62,2003.0,0.798,0.783,0.603,0.153,0.0,0.138,0.127,拉丁
Mike WiLL Made-It,7,rap,55.857,68,2017.0,0.783,0.622,0.283,0.118,0.0,0.262,0.182,说唱
Dynoro,6,edm,55.833,84,2018.0,0.675,0.79,0.192,0.082,0.003,0.155,0.136,电子舞曲
System Of A Down,6,rock,55.833,80,2001.0,0.429,0.927,0.376,0.002,0.009,0.135,0.089,摇滚
Madonna,5,pop,55.8,71,2009.0,0.718,0.754,0.453,0.126,0.003,0.128,0.064,流行
Robin Schulz,21,pop,55.714,78,2016.0,0.632,0.722,0.407,0.084,0.042,0.161,0.062,流行
Skrillex,7,pop,55.714,72,2017.0,0.61,0.868,0.352,0.042,0.004,0.374,0.099,流行
Placebo,6,rock,55.667,66,2004.5,0.453,0.838,0.331,0.065,0.248,0.142,0.069,摇滚
Selena Gomez & The Scene,6,pop,55.667,75,2010.5,0.696,0.78,0.718,0.043,0.0,0.156,0.051,流行
Mon Laferte,6,latin,55.667,62,2018.5,0.634,0.62,0.492,0.448,0.006,0.174,0.063,拉丁
Thalía,7,latin,55.571,75,2014.0,0.764,0.827,0.779,0.23,0.002,0.167,0.069,拉丁
WC no Beat,6,rap,55.5,63,2018.0,0.764,0.636,0.657,0.269,0.0,0.148,0.175,说唱
America,8,rock,55.5,77,1972.0,0.591,0.59,0.757,0.379,0.007,0.112,0.046,摇滚
Shinedown,9,rock,55.222,68,2015.0,0.417,0.945,0.398,0.002,0.034,0.358,0.101,摇滚
O.T. Genasis,5,rap,55.2,65,2015.0,0.864,0.654,0.36,0.063,0.005,0.23,0.117,说唱
Wu-Tang Clan,19,rap,55.105,72,1993.0,0.77,0.58,0.517,0.231,0.001,0.326,0.355,说唱
Mariah Carey,12,r&b,55.083,90,1995.0,0.649,0.678,0.586,0.14,0.003,0.182,0.057,R&B
CNCO,13,latin,55.077,75,2018.0,0.717,0.755,0.62,0.161,0.0,0.217,0.074,拉丁
Solange,8,r&b,55.0,66,2016.0,0.76,0.533,0.441,0.283,0.009,0.197,0.097,R&B
Jobii,6,latin,55.0,61,2019.0,0.638,0.463,0.366,0.411,0.715,0.116,0.1,拉丁
MØ,7,pop,54.714,71,2018.0,0.698,0.756,0.484,0.102,0.001,0.29,0.087,流行
Kali Uchis,17,r&b,54.706,71,2018.0,0.669,0.616,0.549,0.224,0.012,0.162,0.082,R&B
The Black Keys,9,rock,54.667,72,2010.0,0.493,0.692,0.519,0.125,0.014,0.149,0.058,摇滚
Mike Jones,5,rap,54.6,62,2005.0,0.772,0.766,0.647,0.024,0.0,0.245,0.31,说唱
White 2115,6,rap,54.5,61,2019.0,0.755,0.651,0.541,0.268,0.009,0.207,0.144,说唱
DIVINE,10,rap,54.5,67,2018.5,0.699,0.734,0.519,0.106,0.0,0.186,0.253,说唱
Miley Cyrus,13,pop,54.462,81,2017.0,0.57,0.716,0.414,0.085,0.0,0.144,0.045,流行
Alan Walker,29,pop,54.414,85,2017.0,0.577,0.735,0.305,0.097,0.001,0.221,0.061,流行
Eraserheads,5,rock,54.4,61,2004.0,0.453,0.532,0.467,0.316,0.0,0.146,0.043,摇滚
Fabolous,5,r&b,54.4,64,2007.0,0.685,0.663,0.591,0.239,0.0,0.148,0.195,R&B
Big Pun,5,rap,54.4,65,1999.0,0.76,0.762,0.692,0.202,0.001,0.137,0.327,说唱
Journey,18,rock,54.389,80,1982.0,0.411,0.722,0.412,0.138,0.052,0.231,0.044,摇滚
Sia,22,pop,54.364,79,2016.0,0.571,0.737,0.562,0.058,0.101,0.111,0.096,流行
Shawn Mendes,21,pop,54.333,93,2017.0,0.681,0.732,0.644,0.179,0.0,0.111,0.121,流行
Rita Ora,8,pop,54.25,72,2017.0,0.607,0.758,0.381,0.117,0.0,0.145,0.111,流行
Jessie Reyez,5,r&b,54.2,74,2018.0,0.619,0.446,0.311,0.48,0.0,0.107,0.13,R&B
The xx,7,pop,54.0,72,2009.0,0.747,0.582,0.353,0.509,0.402,0.108,0.041,流行
Dwin,5,edm,54.0,59,2018.0,0.756,0.815,0.337,0.134,0.087,0.158,0.156,电子舞曲
Nacho,11,latin,53.909,69,2019.0,0.78,0.809,0.664,0.159,0.001,0.087,0.126,拉丁
Sidhu Moose Wala,15,rap,53.867,65,2018.0,0.673,0.768,0.588,0.133,0.0,0.249,0.185,说唱
Recayd Mob,6,rap,53.833,67,2019.0,0.869,0.706,0.37,0.294,0.0,0.177,0.12,说唱
Kevin Roldan,6,latin,53.833,72,2018.0,0.777,0.619,0.646,0.21,0.0,0.131,0.178,拉丁
Greyson Chance,5,pop,53.8,68,2019.0,0.66,0.559,0.465,0.221,0.0,0.165,0.147,流行
Pearl Jam,8,rock,53.75,75,1991.0,0.444,0.747,0.471,0.166,0.042,0.283,0.041,摇滚
Azet,7,rap,53.714,74,2016.0,0.732,0.704,0.535,0.182,0.0,0.081,0.283,说唱
Wiz Khalifa,19,rap,53.684,80,2015.0,0.729,0.662,0.449,0.141,0.0,0.237,0.122,说唱
Mike Perry,9,pop,53.667,73,2017.0,0.606,0.727,0.415,0.048,0.0,0.213,0.05,流行
Future,30,rap,53.633,93,2017.0,0.739,0.571,0.339,0.093,0.012,0.189,0.26,说唱
Nicky Jam,30,latin,53.633,90,2017.0,0.738,0.719,0.711,0.202,0.0,0.144,0.097,拉丁
Parokya Ni Edgar,5,rock,53.6,62,2004.0,0.596,0.629,0.589,0.405,0.0,0.338,0.098,摇滚
Ashanti,5,r&b,53.6,71,2002.0,0.699,0.615,0.653,0.422,0.0,0.124,0.06,R&B
Britney Spears,8,pop,53.5,78,2006.0,0.765,0.816,0.801,0.111,0.037,0.239,0.066,流行
Steve Lacy,6,r&b,53.5,69,2017.0,0.664,0.726,0.601,0.248,0.075,0.137,0.075,R&B
Nick Jonas,9,pop,53.444,73,2015.0,0.592,0.635,0.502,0.185,0.061,0.166,0.095,流行
NODE,5,rap,53.4,61,2019.0,0.726,0.654,0.584,0.287,0.0,0.135,0.133,说唱
BLACHA,5,rap,53.4,58,2019.0,0.698,0.678,0.437,0.54,0.0,0.134,0.229,说唱
Volbeat,5,rock,53.4,63,2013.0,0.425,0.931,0.451,0.003,0.258,0.239,0.073,摇滚
Cali Y El Dandee,5,latin,53.4,76,2017.0,0.733,0.842,0.8,0.06,0.0,0.225,0.095,拉丁
Ariana Grande,43,pop,53.395,90,2018.0,0.662,0.598,0.434,0.207,0.0,0.153,0.115,流行
Lane 8,11,edm,53.364,65,2019.0,0.552,0.66,0.159,0.241,0.644,0.122,0.038,电子舞曲
HONNE,7,pop,53.286,65,2016.0,0.618,0.617,0.453,0.243,0.0,0.11,0.084,流行
BTS,11,edm,53.273,85,2018.0,0.617,0.765,0.553,0.056,0.0,0.138,0.156,电子舞曲
Night Lovell,12,rap,53.25,64,2019.0,0.794,0.448,0.168,0.346,0.061,0.12,0.098,说唱
Duran Duran,8,pop,53.25,72,1987.5,0.618,0.796,0.598,0.1,0.0,0.228,0.06,流行
Bastille,10,pop,53.2,73,2014.0,0.596,0.717,0.464,0.248,0.001,0.154,0.048,流行
Vicente Garcia,5,latin,53.2,64,2019.0,0.782,0.662,0.731,0.444,0.0,0.11,0.103,拉丁
FLETCHER,6,pop,53.167,74,2019.0,0.659,0.624,0.486,0.439,0.0,0.264,0.166,流行
The Smiths,22,rock,53.136,73,1986.0,0.5,0.738,0.698,0.092,0.012,0.172,0.034,摇滚
Korn,9,rock,53.111,73,2011.0,0.522,0.873,0.408,0.0,0.215,0.265,0.06,摇滚
The Cure,19,rock,53.105,75,1987.0,0.545,0.791,0.682,0.102,0.298,0.167,0.052,摇滚
Zara Larsson,16,pop,53.062,79,2017.0,0.639,0.769,0.508,0.089,0.0,0.185,0.071,流行
Billy Joel,17,rock,53.059,77,1980.0,0.558,0.746,0.672,0.34,0.0,0.22,0.065,摇滚
Chelsea Cutler,7,pop,53.0,73,2019.0,0.628,0.486,0.33,0.32,0.0,0.156,0.111,流行
Young Igi,7,rap,53.0,60,2019.0,0.754,0.601,0.475,0.219,0.0,0.096,0.166,说唱
Lana Del Rey,8,edm,53.0,75,2013.0,0.468,0.633,0.206,0.271,0.011,0.184,0.047,电子舞曲
Ty Dolla $ign,9,r&b,53.0,72,2017.0,0.712,0.527,0.496,0.122,0.0,0.212,0.122,R&B
Nirvana,15,rock,53.0,81,1993.0,0.479,0.796,0.542,0.122,0.011,0.196,0.058,摇滚
Rudimental,7,edm,53.0,79,2018.0,0.7,0.733,0.5,0.091,0.127,0.175,0.051,电子舞曲
The Internet,13,r&b,52.846,67,2015.0,0.66,0.511,0.477,0.268,0.157,0.142,0.12,R&B
Red Velvet,6,edm,52.833,87,2017.5,0.701,0.838,0.64,0.147,0.002,0.193,0.088,电子舞曲
Jungle,6,pop,52.833,62,2016.0,0.609,0.655,0.48,0.258,0.028,0.176,0.067,流行
G-Eazy,17,rap,52.824,77,2017.0,0.684,0.686,0.445,0.083,0.0,0.142,0.216,说唱
Jackson Browne,5,rock,52.8,66,1977.0,0.562,0.663,0.533,0.227,0.006,0.358,0.038,摇滚
Tame Impala,8,pop,52.75,85,2015.0,0.544,0.753,0.601,0.095,0.107,0.135,0.037,流行
Sech,8,latin,52.75,88,2019.0,0.641,0.714,0.752,0.172,0.0,0.132,0.169,拉丁
Chivv,6,latin,52.667,57,2019.0,0.824,0.79,0.627,0.124,0.0,0.217,0.213,拉丁
Jax Jones,10,pop,52.6,75,2018.5,0.747,0.724,0.61,0.118,0.001,0.159,0.078,流行
Santana,6,rock,52.5,66,1999.0,0.58,0.657,0.644,0.303,0.088,0.119,0.059,摇滚
Styx,8,rock,52.5,66,1982.0,0.512,0.536,0.488,0.11,0.0,0.125,0.038,摇滚
Ñejo,7,latin,52.429,72,2013.0,0.803,0.729,0.803,0.214,0.006,0.259,0.138,拉丁
Tom Misch,21,r&b,52.429,67,2016.0,0.795,0.48,0.32,0.331,0.174,0.112,0.126,R&B
Enrique Iglesias,11,latin,52.364,74,2014.0,0.715,0.808,0.787,0.139,0.0,0.086,0.077,拉丁
Halestorm,7,rock,52.286,59,2012.0,0.534,0.938,0.508,0.005,0.008,0.24,0.073,摇滚
Juan Luis Guerra 4.40,11,latin,52.273,66,2019.0,0.728,0.838,0.814,0.554,0.0,0.33,0.065,拉丁
Carnage,5,edm,52.2,69,2015.0,0.783,0.569,0.302,0.116,0.503,0.137,0.173,电子舞曲
Otsochodzi,7,rap,52.143,57,2019.0,0.68,0.639,0.457,0.333,0.0,0.139,0.227,说唱
NOTD,8,pop,52.125,79,2019.0,0.676,0.799,0.508,0.131,0.0,0.189,0.102,流行
Ghostemane,26,rap,52.115,72,2016.0,0.735,0.724,0.268,0.178,0.089,0.237,0.285,说唱
Carlos Vives,16,latin,52.062,76,2014.5,0.668,0.839,0.682,0.113,0.0,0.194,0.07,拉丁
Anderson .Paak,21,r&b,51.952,70,2016.0,0.627,0.738,0.609,0.109,0.018,0.334,0.226,R&B
1Kilo,7,r&b,51.857,61,2019.0,0.7,0.706,0.586,0.317,0.0,0.141,0.115,R&B
chillwagon,6,rap,51.833,60,2019.0,0.739,0.704,0.603,0.198,0.0,0.189,0.208,说唱
Usher,18,r&b,51.778,79,2004.0,0.767,0.634,0.67,0.102,0.0,0.118,0.099,R&B
Radiohead,16,rock,51.75,82,1996.0,0.374,0.533,0.32,0.089,0.099,0.163,0.04,摇滚
Fleetwood Mac,24,rock,51.75,79,1977.0,0.63,0.635,0.761,0.161,0.046,0.105,0.034,摇滚
Guustavv,7,rap,51.714,60,2019.0,0.629,0.404,0.292,0.575,0.887,0.142,0.063,说唱
Kesha,10,pop,51.7,80,2010.0,0.759,0.754,0.644,0.038,0.0,0.184,0.094,流行
ZAYN,11,pop,51.636,81,2016.0,0.571,0.678,0.318,0.091,0.0,0.156,0.058,流行
Bad Wolves,5,rock,51.6,72,2018.0,0.385,0.848,0.242,0.004,0.0,0.157,0.059,摇滚
Franz Ferdinand,5,rock,51.6,73,2005.0,0.393,0.812,0.622,0.059,0.0,0.391,0.04,摇滚
Ekali,6,edm,51.5,59,2018.0,0.6,0.743,0.235,0.147,0.14,0.2,0.061,电子舞曲
Halsey,18,pop,51.5,88,2017.0,0.624,0.697,0.441,0.153,0.001,0.188,0.061,流行
Interpol,6,rock,51.5,65,2006.0,0.345,0.891,0.51,0.003,0.471,0.207,0.049,摇滚
A R I Z O N A,9,pop,51.444,72,2019.0,0.714,0.587,0.399,0.254,0.112,0.119,0.07,流行
Reik,14,latin,51.429,88,2018.0,0.681,0.713,0.593,0.157,0.0,0.186,0.075,拉丁
COIN,5,pop,51.4,68,2019.0,0.454,0.731,0.513,0.033,0.002,0.273,0.046,流行
Eazy-E,10,rap,51.4,69,1993.0,0.816,0.728,0.692,0.023,0.0,0.264,0.241,说唱
Lucky Luke,11,edm,51.364,62,2018.0,0.814,0.667,0.201,0.134,0.347,0.171,0.155,电子舞曲
Chris Brown,14,r&b,51.357,85,2018.0,0.671,0.574,0.44,0.218,0.0,0.135,0.125,R&B
Jessie J,17,edm,51.176,78,2014.0,0.606,0.679,0.573,0.212,0.0,0.274,0.128,电子舞曲
RÜFÜS DU SOL,6,edm,51.167,61,2018.5,0.657,0.786,0.36,0.042,0.204,0.156,0.037,电子舞曲
ZHU,6,edm,51.167,62,2016.0,0.683,0.625,0.33,0.09,0.075,0.134,0.055,电子舞曲
Calvin Harris,49,pop,51.143,85,2015.0,0.674,0.854,0.455,0.091,0.057,0.209,0.068,流行
Hailee Steinfeld,9,pop,51.111,81,2017.0,0.653,0.657,0.444,0.157,0.0,0.13,0.065,流行
Lit Killah,6,rap,51.0,64,2018.0,0.781,0.65,0.45,0.238,0.0,0.16,0.1,说唱
Prince,13,r&b,51.0,73,1986.0,0.68,0.654,0.678,0.088,0.007,0.135,0.079,R&B
WALK THE MOON,8,pop,51.0,82,2016.0,0.611,0.79,0.557,0.026,0.0,0.335,0.06,流行
Jay Sean,6,latin,51.0,76,2009.0,0.648,0.679,0.587,0.167,0.0,0.195,0.082,拉丁
Sleeping With Sirens,9,pop,50.889,65,2010.0,0.435,0.944,0.49,0.002,0.0,0.334,0.127,流行
Jhené Aiko,7,r&b,50.857,76,2017.0,0.535,0.42,0.334,0.584,0.001,0.182,0.109,R&B
Genesis,6,rock,50.833,61,1986.0,0.596,0.67,0.59,0.243,0.002,0.115,0.038,摇滚
J. Cole,10,r&b,50.8,86,2014.0,0.623,0.535,0.388,0.304,0.015,0.153,0.24,R&B
Getter,5,rap,50.8,55,2018.0,0.689,0.831,0.143,0.013,0.18,0.162,0.092,说唱
Trapt,5,rock,50.8,73,2005.0,0.453,0.943,0.44,0.002,0.0,0.149,0.148,摇滚
PJ Harvey,5,rock,50.8,58,2000.0,0.517,0.546,0.384,0.325,0.075,0.172,0.037,摇滚
Ellie Goulding,23,pop,50.739,88,2015.0,0.599,0.764,0.481,0.157,0.006,0.141,0.052,流行
FKJ,7,r&b,50.714,66,2017.0,0.588,0.499,0.312,0.425,0.169,0.098,0.066,R&B
Foreigner,16,rock,50.688,77,1982.5,0.543,0.705,0.579,0.165,0.0,0.122,0.049,摇滚
A$AP Rocky,12,rap,50.667,82,2015.0,0.714,0.692,0.434,0.147,0.007,0.179,0.177,说唱
Kendrick Lamar,22,rap,50.636,84,2015.0,0.692,0.637,0.418,0.101,0.0,0.217,0.225,说唱
Zeds Dead,5,edm,50.6,58,2019.0,0.569,0.847,0.211,0.035,0.217,0.146,0.065,电子舞曲
E-40,5,rap,50.6,63,2019.0,0.744,0.625,0.411,0.081,0.0,0.142,0.22,说唱
Confetti,7,pop,50.571,59,2018.0,0.691,0.783,0.62,0.03,0.0,0.199,0.185,流行
REO Speedwagon,8,rock,50.5,73,1982.0,0.384,0.719,0.416,0.076,0.0,0.191,0.036,摇滚
Skid Row,6,rock,50.5,69,1993.5,0.466,0.717,0.463,0.002,0.0,0.176,0.035,摇滚
Martin Jensen,9,pop,50.444,71,2016.0,0.732,0.778,0.541,0.094,0.0,0.157,0.077,流行
P!nk,21,pop,50.381,80,2012.0,0.621,0.74,0.455,0.086,0.0,0.16,0.079,流行
TOTO,8,rock,50.375,83,2009.5,0.605,0.624,0.757,0.122,0.011,0.107,0.042,摇滚
Natti Natasha,8,latin,50.375,80,2018.5,0.797,0.769,0.751,0.223,0.002,0.169,0.057,拉丁
Pat Benatar,6,rock,50.333,68,1991.5,0.68,0.604,0.76,0.189,0.005,0.288,0.037,摇滚
Justin Quiles,6,latin,50.333,86,2018.5,0.724,0.699,0.628,0.134,0.0,0.095,0.135,拉丁
OMI,6,latin,50.333,76,2015.0,0.789,0.648,0.666,0.27,0.005,0.151,0.073,拉丁
Diplo,7,pop,50.286,82,2015.0,0.656,0.768,0.386,0.054,0.135,0.27,0.072,流行
Fred De Palma,7,latin,50.286,73,2019.0,0.759,0.706,0.538,0.079,0.0,0.141,0.106,拉丁
6LACK,17,r&b,50.235,77,2017.0,0.641,0.502,0.242,0.325,0.001,0.128,0.191,R&B
Olympis,5,edm,50.2,67,2019.0,0.66,0.653,0.272,0.214,0.009,0.235,0.077,电子舞曲
Charlie Puth,18,pop,50.056,82,2016.5,0.711,0.616,0.601,0.308,0.0,0.159,0.105,流行
Carlos Baute,6,latin,50.0,74,2013.0,0.77,0.748,0.826,0.31,0.0,0.097,0.058,拉丁
Too $hort,5,rap,50.0,61,1993.0,0.852,0.444,0.464,0.069,0.004,0.239,0.19,说唱
Arrested Youth,5,rap,50.0,55,2019.0,0.643,0.805,0.574,0.072,0.002,0.217,0.1,说唱
Starley,7,pop,50.0,68,2019.0,0.667,0.785,0.582,0.079,0.0,0.147,0.058,流行
Alex Zurdo,5,latin,50.0,53,2016.0,0.703,0.883,0.625,0.154,0.0,0.13,0.084,拉丁
Boombox Cartel,5,edm,50.0,57,2018.0,0.621,0.9,0.36,0.123,0.165,0.141,0.143,电子舞曲
Jory Boy,5,latin,50.0,67,2014.0,0.69,0.762,0.63,0.239,0.0,0.188,0.063,拉丁
Tego Calderon,10,latin,49.8,71,2005.0,0.831,0.716,0.752,0.332,0.012,0.144,0.159,拉丁
Steely Dan,7,rock,49.714,71,1974.0,0.677,0.573,0.814,0.208,0.0,0.07,0.042,摇滚
Meek Mill,12,rap,49.667,85,2013.5,0.661,0.722,0.461,0.119,0.0,0.297,0.217,说唱
Lou Reed,5,rock,49.6,74,1972.0,0.55,0.527,0.633,0.438,0.206,0.265,0.067,摇滚
Aleman,6,rap,49.5,67,2018.0,0.843,0.495,0.527,0.225,0.0,0.204,0.3,说唱
Alex Rose,12,rap,49.417,76,2019.0,0.743,0.571,0.507,0.316,0.0,0.129,0.126,说唱
David Guetta,81,edm,49.37,79,2014.0,0.62,0.799,0.433,0.076,0.077,0.234,0.082,电子舞曲
The Chainsmokers,66,pop,49.227,85,2017.5,0.583,0.733,0.401,0.111,0.004,0.187,0.061,流行
Parov Stelar,10,edm,49.2,63,2015.0,0.831,0.73,0.772,0.143,0.425,0.167,0.109,电子舞曲
Tove Lo,10,pop,49.2,69,2015.5,0.715,0.679,0.298,0.165,0.172,0.095,0.064,流行
Black Stone Cherry,6,rap,49.167,57,2011.0,0.43,0.88,0.634,0.001,0.0,0.252,0.066,说唱
Elvis Crespo,6,latin,49.167,67,2016.5,0.777,0.892,0.87,0.262,0.001,0.133,0.122,拉丁
Lucas Estrada,11,latin,49.091,65,2019.0,0.693,0.783,0.487,0.174,0.063,0.241,0.046,拉丁
Supertramp,5,rock,49.0,74,1979.0,0.546,0.636,0.564,0.346,0.006,0.145,0.042,摇滚
Limp Bizkit,5,rock,49.0,71,2000.0,0.521,0.892,0.636,0.012,0.0,0.384,0.108,摇滚
Struggle Jennings,5,rap,49.0,54,2016.0,0.663,0.699,0.239,0.085,0.0,0.194,0.058,说唱
Pop Evil,6,rock,49.0,59,2013.0,0.58,0.904,0.489,0.004,0.005,0.159,0.066,摇滚
Dontcry,5,rap,49.0,59,2019.0,0.661,0.381,0.555,0.373,0.652,0.158,0.078,说唱
The Velvet Underground,5,rock,49.0,66,1969.0,0.479,0.442,0.48,0.391,0.004,0.195,0.034,摇滚
Charli XCX,9,pop,48.889,71,2018.0,0.686,0.828,0.576,0.063,0.029,0.197,0.05,流行
Gaullin,9,edm,48.889,76,2018.0,0.757,0.684,0.291,0.058,0.023,0.216,0.118,电子舞曲
Matoma,8,pop,48.875,69,2016.0,0.689,0.67,0.323,0.133,0.01,0.164,0.096,流行
Gryffin,15,pop,48.867,76,2018.0,0.586,0.792,0.394,0.094,0.004,0.17,0.056,流行
Thousand Foot Krutch,7,rock,48.857,68,2012.0,0.557,0.826,0.647,0.001,0.0,0.18,0.078,摇滚
Mr. Probz,6,edm,48.833,76,2014.0,0.742,0.516,0.455,0.097,0.001,0.108,0.047,电子舞曲
Lady Gaga,20,pop,48.8,88,2009.0,0.746,0.756,0.618,0.091,0.0,0.173,0.056,流行
The Doors,13,rock,48.769,74,1969.0,0.508,0.654,0.73,0.269,0.013,0.236,0.04,摇滚
Jonas Blue,27,pop,48.741,81,2018.0,0.682,0.799,0.576,0.184,0.001,0.157,0.06,流行
Topic,7,edm,48.714,75,2018.0,0.7,0.703,0.437,0.061,0.0,0.159,0.1,电子舞曲
Kansas,7,rock,48.714,77,2002.0,0.452,0.641,0.655,0.163,0.001,0.384,0.034,摇滚
dvsn,9,r&b,48.667,66,2017.0,0.698,0.416,0.375,0.18,0.106,0.139,0.143,R&B
Orishas,5,r&b,48.6,54,2018.0,0.747,0.739,0.783,0.239,0.0,0.119,0.13,R&B
Ivy Queen,9,latin,48.556,56,2006.0,0.812,0.829,0.755,0.164,0.0,0.2,0.108,拉丁
Anuel AA,15,latin,48.533,93,2018.0,0.755,0.714,0.634,0.364,0.001,0.148,0.098,拉丁
INXS,5,rock,48.4,64,2002.0,0.639,0.811,0.547,0.028,0.032,0.141,0.061,摇滚
Klingande,8,latin,48.375,60,2016.5,0.674,0.656,0.375,0.148,0.037,0.161,0.071,拉丁
Sigala,16,pop,48.312,76,2018.0,0.676,0.877,0.642,0.101,0.004,0.209,0.056,流行
Lucas & Steve,11,edm,48.273,74,2019.0,0.632,0.813,0.382,0.049,0.278,0.18,0.087,电子舞曲
Wisin,8,latin,48.25,76,2016.0,0.768,0.888,0.708,0.115,0.0,0.138,0.104,拉丁
House Of Pain,5,rap,48.2,74,1992.0,0.863,0.627,0.621,0.068,0.002,0.181,0.169,说唱
Claptone,11,pop,48.182,65,2018.0,0.719,0.641,0.487,0.1,0.12,0.156,0.037,流行
Ysy A,12,rap,48.167,65,2019.0,0.69,0.71,0.423,0.305,0.0,0.198,0.13,说唱
ODESZA,10,pop,48.1,67,2014.0,0.622,0.718,0.341,0.077,0.367,0.193,0.054,流行
Papa Roach,14,rock,48.0,79,2010.0,0.51,0.919,0.48,0.018,0.001,0.232,0.071,摇滚
Paula Abdul,5,r&b,48.0,59,1988.0,0.78,0.818,0.81,0.146,0.015,0.07,0.055,R&B
NERVO,5,edm,48.0,64,2015.0,0.607,0.811,0.387,0.015,0.016,0.12,0.108,电子舞曲
Michael Jackson,19,r&b,47.947,81,1991.0,0.774,0.838,0.672,0.143,0.062,0.208,0.069,R&B
Alexis y Fido,16,latin,47.875,64,2011.0,0.799,0.806,0.683,0.177,0.011,0.178,0.106,拉丁
The White Stripes,7,rock,47.857,78,2003.0,0.577,0.574,0.386,0.071,0.214,0.244,0.111,摇滚
"Sarah, the Illstrumentalist",6,latin,47.833,59,2019.0,0.73,0.47,0.536,0.534,0.734,0.208,0.058,拉丁
Lenny Tavárez,5,rap,47.8,63,2017.0,0.776,0.637,0.554,0.354,0.0,0.152,0.16,说唱
Cartel De Santa,24,rap,47.792,72,2007.0,0.758,0.708,0.666,0.111,0.046,0.289,0.195,说唱
DJ Khaled,18,rap,47.778,77,2017.0,0.658,0.722,0.569,0.05,0.0,0.213,0.17,说唱
J Balvin,44,latin,47.773,91,2017.0,0.724,0.747,0.677,0.159,0.003,0.168,0.128,拉丁
The Kinks,8,rock,47.75,72,1964.5,0.539,0.858,0.739,0.298,0.062,0.201,0.067,摇滚
CamelPhat,7,edm,47.714,69,2018.0,0.727,0.847,0.354,0.022,0.325,0.232,0.052,电子舞曲
Pitbull,24,latin,47.667,79,2014.0,0.714,0.829,0.73,0.085,0.004,0.254,0.134,拉丁
Elton John,17,rock,47.647,81,1973.0,0.584,0.672,0.728,0.254,0.012,0.184,0.039,摇滚
Brandy,14,r&b,47.643,66,1998.0,0.718,0.515,0.584,0.285,0.003,0.217,0.105,R&B
A$AP Ferg,8,rap,47.625,77,2018.0,0.727,0.73,0.46,0.079,0.019,0.246,0.169,说唱
Survivor,11,rock,47.545,76,2006.0,0.732,0.551,0.523,0.244,0.0,0.079,0.032,摇滚
Equalz,6,latin,47.5,53,2019.0,0.75,0.591,0.723,0.084,0.0,0.084,0.188,拉丁
Audien,8,edm,47.5,63,2018.5,0.616,0.752,0.395,0.128,0.002,0.172,0.045,电子舞曲
Alina Baraz,6,latin,47.5,69,2017.0,0.659,0.574,0.291,0.371,0.003,0.195,0.049,拉丁
Migos,17,rap,47.471,77,2017.0,0.83,0.657,0.37,0.102,0.0,0.219,0.201,说唱
Sa4,6,rap,47.333,57,2017.0,0.643,0.702,0.57,0.154,0.004,0.115,0.382,说唱
Ari Lennox,13,r&b,47.308,69,2019.0,0.695,0.486,0.557,0.237,0.001,0.194,0.143,R&B
Fantasia,5,r&b,47.2,68,2010.0,0.594,0.638,0.587,0.337,0.0,0.121,0.108,R&B
Tasha Cobbs Leonard,6,r&b,47.167,53,2017.0,0.349,0.59,0.252,0.048,0.0,0.159,0.044,R&B
Kings of Leon,15,rock,47.133,79,2008.0,0.445,0.765,0.325,0.046,0.137,0.135,0.049,摇滚
Grand Funk Railroad,5,rock,47.0,60,2006.0,0.722,0.766,0.795,0.101,0.001,0.162,0.053,摇滚
The Weeknd,52,r&b,46.981,98,2015.0,0.599,0.622,0.358,0.258,0.014,0.178,0.096,R&B
Funky,10,latin,46.9,55,2017.5,0.741,0.838,0.629,0.128,0.0,0.22,0.149,拉丁
Daya,8,pop,46.875,75,2017.0,0.68,0.75,0.45,0.106,0.001,0.234,0.138,流行
Campsite Dream,13,latin,46.846,55,2017.0,0.666,0.682,0.49,0.356,0.002,0.175,0.073,拉丁
Habstrakt,6,edm,46.833,51,2019.0,0.764,0.87,0.408,0.005,0.419,0.325,0.265,电子舞曲
Eladio Carrion,6,rap,46.833,79,2019.0,0.752,0.611,0.477,0.302,0.0,0.184,0.151,说唱
Lil Tecca,12,rap,46.833,90,2019.0,0.71,0.591,0.355,0.161,0.0,0.114,0.255,说唱
The Him,10,edm,46.8,61,2018.0,0.654,0.848,0.501,0.036,0.002,0.204,0.106,电子舞曲
Hozier,5,pop,46.8,80,2014.0,0.548,0.65,0.5,0.472,0.0,0.117,0.044,流行
joan,7,pop,46.714,60,2018.0,0.596,0.68,0.499,0.1,0.0,0.14,0.037,流行
Tears For Fears,6,rock,46.667,80,1985.0,0.621,0.822,0.662,0.199,0.081,0.156,0.041,摇滚
Daddy Yankee,48,latin,46.646,90,2009.0,0.771,0.834,0.726,0.131,0.003,0.198,0.082,拉丁
John De Sohn,13,edm,46.615,68,2018.0,0.666,0.743,0.538,0.114,0.0,0.157,0.043,电子舞曲
Türküm,5,rap,46.6,54,2018.0,0.473,0.779,0.196,0.01,0.344,0.173,0.079,说唱
Timmy Trumpet,12,edm,46.583,69,2018.0,0.585,0.859,0.236,0.007,0.222,0.338,0.126,电子舞曲
Y.V.E. 48,9,latin,46.556,59,2017.0,0.688,0.607,0.277,0.109,0.159,0.208,0.052,拉丁
AK Ausserkontrolle,13,rap,46.538,56,2016.0,0.666,0.748,0.416,0.189,0.001,0.174,0.328,说唱
Capital Bra,12,rap,46.5,79,2017.0,0.725,0.714,0.466,0.182,0.0,0.16,0.363,说唱
The Cranberries,43,rock,46.395,80,1996.0,0.448,0.624,0.361,0.095,0.022,0.171,0.035,摇滚
Don Diablo,16,edm,46.312,72,2019.0,0.695,0.865,0.408,0.15,0.055,0.214,0.108,电子舞曲
Seven Lions,8,edm,46.25,62,2017.0,0.484,0.746,0.309,0.077,0.0,0.202,0.049,电子舞曲
Lost Kings,18,pop,46.222,70,2019.0,0.655,0.783,0.479,0.095,0.0,0.146,0.088,流行
R5,5,pop,46.2,49,2015.0,0.648,0.799,0.623,0.018,0.0,0.201,0.076,流行
Craig David,5,r&b,46.2,70,2018.0,0.705,0.748,0.735,0.151,0.02,0.115,0.058,R&B
The Guess Who,5,rock,46.2,67,1999.0,0.541,0.635,0.58,0.127,0.002,0.213,0.057,摇滚
Curbi,6,edm,46.167,58,2019.0,0.764,0.939,0.421,0.042,0.31,0.227,0.09,电子舞曲
James Carter,7,latin,46.143,55,2019.0,0.645,0.725,0.366,0.228,0.004,0.117,0.097,拉丁
Incubus,7,rock,46.143,74,1999.0,0.532,0.782,0.442,0.113,0.01,0.289,0.047,摇滚
Lil Wayne,29,rap,46.034,77,2005.0,0.69,0.736,0.652,0.123,0.001,0.229,0.234,说唱
EDX,6,edm,46.0,59,2019.0,0.737,0.889,0.631,0.009,0.312,0.088,0.055,电子舞曲
Common,5,r&b,46.0,60,1997.0,0.757,0.578,0.616,0.049,0.0,0.289,0.35,R&B
Midel,5,rap,46.0,66,2019.0,0.778,0.749,0.529,0.247,0.0,0.129,0.052,说唱
OutKast,32,rap,45.844,78,1998.0,0.773,0.71,0.553,0.087,0.0,0.19,0.252,说唱
Simple Plan,6,latin,45.833,70,2005.5,0.564,0.66,0.541,0.062,0.0,0.131,0.044,拉丁
Jazzinuf,6,latin,45.833,53,2018.0,0.666,0.672,0.721,0.201,0.624,0.249,0.162,拉丁
Galantis,26,edm,45.731,77,2016.0,0.581,0.837,0.41,0.056,0.044,0.149,0.075,电子舞曲
Glass Animals,6,pop,45.667,73,2016.0,0.65,0.503,0.45,0.263,0.038,0.141,0.044,流行
HELLYEAH,5,rock,45.6,52,2019.0,0.459,0.979,0.305,0.0,0.0,0.264,0.134,摇滚
Krewella,5,edm,45.6,55,2013.0,0.607,0.893,0.353,0.05,0.014,0.17,0.098,电子舞曲
The Knocks,7,pop,45.571,62,2018.0,0.59,0.747,0.433,0.037,0.015,0.172,0.072,流行
R.E.M.,7,rock,45.571,81,1991.0,0.532,0.788,0.67,0.168,0.022,0.14,0.031,摇滚
New Order,16,rock,45.5,73,1995.5,0.605,0.853,0.764,0.016,0.461,0.229,0.044,摇滚
Upchurch,27,rap,45.444,65,2018.0,0.624,0.675,0.42,0.141,0.002,0.211,0.067,说唱
Proleter,5,edm,45.4,56,2018.0,0.769,0.543,0.757,0.255,0.339,0.112,0.121,电子舞曲
Two Door Cinema Club,5,pop,45.4,71,2012.0,0.632,0.734,0.694,0.062,0.083,0.098,0.036,流行
Chocolate Puma,5,edm,45.4,58,2019.0,0.726,0.867,0.578,0.01,0.506,0.253,0.06,电子舞曲
Belanova,10,pop,45.4,61,2008.0,0.664,0.77,0.559,0.119,0.081,0.225,0.035,流行
Gary Moore,6,rock,45.333,54,2002.0,0.319,0.858,0.37,0.033,0.097,0.175,0.095,摇滚
GASHI,10,rap,45.3,68,2019.0,0.688,0.739,0.408,0.072,0.004,0.162,0.078,说唱
Pink Floyd,15,rock,45.267,76,1975.0,0.482,0.412,0.462,0.326,0.161,0.34,0.063,摇滚
The Notorious B.I.G.,38,rap,45.263,76,1997.0,0.765,0.733,0.653,0.185,0.001,0.247,0.307,说唱
Louis The Child,6,pop,45.167,73,2017.5,0.774,0.538,0.39,0.226,0.013,0.152,0.174,流行
Yung Bae,7,r&b,45.143,51,2016.0,0.658,0.906,0.632,0.025,0.002,0.291,0.327,R&B
Tyga,33,rap,45.121,91,2016.0,0.819,0.631,0.43,0.122,0.0,0.224,0.23,说唱
Tom Petty,10,rock,45.1,76,1994.0,0.626,0.592,0.71,0.128,0.102,0.22,0.031,摇滚
Tritonal,16,edm,45.062,58,2016.5,0.536,0.796,0.364,0.182,0.0,0.202,0.058,电子舞曲
OneRepublic,19,pop,45.053,80,2014.0,0.571,0.756,0.388,0.121,0.004,0.139,0.061,流行
Arcangel,20,latin,45.05,84,2018.5,0.775,0.706,0.642,0.191,0.006,0.293,0.139,拉丁
Lindsey Stirling,5,pop,45.0,58,2014.0,0.483,0.819,0.257,0.011,0.012,0.303,0.074,流行
FRENSHIP,6,pop,45.0,73,2016.0,0.682,0.719,0.545,0.105,0.069,0.321,0.04,流行
The Band CAMINO,6,pop,45.0,67,2018.5,0.548,0.773,0.527,0.077,0.001,0.186,0.064,流行
ZZ Top,17,rock,44.941,74,1987.0,0.596,0.726,0.642,0.117,0.069,0.154,0.074,摇滚
Yandel,8,latin,44.875,73,2017.0,0.768,0.758,0.642,0.14,0.0,0.276,0.084,拉丁
Broederliefde,7,latin,44.857,57,2019.0,0.694,0.718,0.576,0.174,0.0,0.184,0.187,拉丁
Lucky Daye,6,r&b,44.833,67,2019.0,0.568,0.519,0.506,0.323,0.016,0.158,0.081,R&B
Smallpools,6,pop,44.833,61,2017.0,0.601,0.791,0.559,0.023,0.0,0.089,0.056,流行
Felix Jaehn,10,latin,44.8,79,2018.0,0.744,0.768,0.487,0.185,0.025,0.093,0.085,拉丁
B.o.B,5,pop,44.8,75,2010.0,0.693,0.823,0.55,0.076,0.0,0.137,0.18,流行
Tiro De Gracia,5,latin,44.8,52,2004.0,0.809,0.788,0.837,0.278,0.0,0.187,0.206,拉丁
Dorothy,9,rap,44.778,63,2016.0,0.515,0.577,0.503,0.076,0.002,0.248,0.036,说唱
ONE OK ROCK,17,rock,44.765,61,2015.0,0.451,0.843,0.387,0.061,0.0,0.188,0.086,摇滚
Big Sean,11,rap,44.727,76,2015.0,0.746,0.625,0.298,0.183,0.0,0.223,0.192,说唱
Mayday Parade,9,pop,44.667,59,2009.0,0.366,0.755,0.393,0.128,0.0,0.168,0.075,流行
Bad Suns,6,pop,44.667,62,2016.0,0.579,0.84,0.595,0.032,0.0,0.088,0.047,流行
2 Chainz,11,rap,44.636,74,2017.0,0.796,0.661,0.451,0.197,0.0,0.213,0.208,说唱
Cheat Codes,16,pop,44.625,73,2017.0,0.614,0.744,0.36,0.043,0.002,0.188,0.106,流行
UCLÃ,5,rap,44.6,50,2019.0,0.762,0.666,0.495,0.157,0.0,0.147,0.153,说唱
Westside Connection,12,rap,44.583,66,1996.0,0.856,0.604,0.515,0.102,0.0,0.444,0.292,说唱
Tujamo,20,edm,44.55,69,2018.0,0.739,0.896,0.441,0.043,0.413,0.153,0.104,电子舞曲
Astrid S,11,pop,44.545,70,2019.0,0.678,0.529,0.337,0.414,0.028,0.164,0.073,流行
Justin Timberlake,11,pop,44.545,78,2013.0,0.641,0.599,0.545,0.264,0.004,0.206,0.105,流行
Miguel Bosé,6,latin,44.5,63,2009.5,0.612,0.644,0.505,0.111,0.079,0.109,0.031,拉丁
112,8,r&b,44.5,66,1999.0,0.7,0.587,0.784,0.094,0.0,0.115,0.179,R&B
Demi Lovato,23,pop,44.478,80,2013.0,0.563,0.764,0.587,0.043,0.0,0.168,0.092,流行
Rae Sremmurd,8,rap,44.375,76,2016.0,0.781,0.634,0.326,0.114,0.0,0.171,0.102,说唱
Joey Bada$$,6,r&b,44.333,70,2017.0,0.646,0.779,0.569,0.231,0.0,0.232,0.247,R&B
En Vogue,11,r&b,44.273,60,2001.0,0.675,0.631,0.602,0.184,0.0,0.229,0.052,R&B
Cash Cash,21,edm,44.238,65,2016.0,0.571,0.84,0.364,0.086,0.0,0.188,0.098,电子舞曲
Ginuwine,13,r&b,44.231,72,1999.0,0.757,0.54,0.726,0.184,0.007,0.206,0.119,R&B
Breaking Benjamin,14,rock,44.214,71,2012.0,0.406,0.91,0.353,0.003,0.007,0.163,0.101,摇滚
Coopex,6,rap,44.167,57,2019.0,0.517,0.688,0.168,0.166,0.005,0.135,0.079,说唱
Killstation,9,rap,44.111,63,2016.0,0.561,0.574,0.214,0.117,0.156,0.122,0.109,说唱
Julieta Venegas,5,latin,44.0,69,2006.0,0.738,0.655,0.758,0.193,0.0,0.161,0.044,拉丁
for KING & COUNTRY,5,pop,44.0,56,2019.0,0.631,0.738,0.413,0.064,0.0,0.188,0.059,流行
Rich The Kid,5,rap,44.0,77,2019.0,0.848,0.595,0.286,0.229,0.0,0.113,0.175,说唱
Whitney Houston,17,r&b,44.0,80,1987.0,0.687,0.647,0.639,0.292,0.002,0.195,0.059,R&B
Europe,6,rock,43.833,75,1986.0,0.579,0.829,0.368,0.066,0.0,0.25,0.055,摇滚
Sean Paul,15,latin,43.8,79,2016.0,0.724,0.802,0.572,0.141,0.0,0.176,0.157,拉丁
Agnes Obel,10,pop,43.8,60,2016.0,0.541,0.281,0.277,0.897,0.387,0.157,0.034,流行
Rival Sons,5,rock,43.8,54,2014.0,0.359,0.894,0.449,0.013,0.047,0.335,0.045,摇滚
James Brown,5,r&b,43.8,56,1991.0,0.726,0.549,0.713,0.461,0.001,0.394,0.113,R&B
Chad Cooper,5,edm,43.8,50,2018.0,0.68,0.739,0.301,0.092,0.0,0.127,0.078,电子舞曲
The Black Eyed Peas,14,pop,43.786,96,2009.0,0.772,0.741,0.603,0.084,0.002,0.25,0.105,流行
The Psychedelic Furs,7,rock,43.714,64,1988.0,0.583,0.691,0.649,0.074,0.001,0.138,0.039,摇滚
TWO LANES,5,rap,43.6,47,2019.0,0.613,0.566,0.184,0.295,0.318,0.169,0.129,说唱
Wun Two,10,rap,43.6,65,2018.5,0.733,0.348,0.67,0.474,0.693,0.118,0.164,说唱
Andra Day,5,r&b,43.6,74,2016.0,0.453,0.436,0.291,0.48,0.0,0.18,0.037,R&B
Orchestral Manoeuvres In The Dark,13,rock,43.462,65,1985.0,0.611,0.762,0.775,0.155,0.206,0.174,0.032,摇滚
Toni Braxton,11,r&b,43.455,65,1996.0,0.701,0.65,0.682,0.155,0.0,0.128,0.039,R&B
Ringo Starr,7,rock,43.429,58,2007.0,0.652,0.686,0.792,0.055,0.0,0.176,0.042,摇滚
Jamie Berry,5,edm,43.4,54,2016.0,0.813,0.712,0.7,0.112,0.339,0.298,0.133,电子舞曲
Yung Felix,5,latin,43.4,61,2019.0,0.811,0.727,0.546,0.135,0.157,0.165,0.114,拉丁
Nelly,14,rap,43.357,77,2002.0,0.788,0.642,0.656,0.078,0.001,0.186,0.135,说唱
Fetty Wap,6,rap,43.333,75,2015.0,0.708,0.79,0.645,0.042,0.0,0.373,0.158,说唱
Akon,12,latin,43.333,70,2011.5,0.706,0.613,0.503,0.192,0.0,0.226,0.075,拉丁
Kanye West,17,rap,43.294,85,2010.0,0.58,0.726,0.408,0.08,0.0,0.257,0.257,说唱
Haze,7,rap,43.286,67,2018.0,0.688,0.712,0.679,0.207,0.0,0.207,0.29,说唱
Amy Winehouse,12,r&b,43.25,73,2006.0,0.729,0.644,0.636,0.178,0.003,0.174,0.054,R&B
George Harrison,19,rock,43.158,75,1973.0,0.536,0.682,0.619,0.298,0.012,0.17,0.035,摇滚
Mike Candys,8,edm,43.125,60,2018.5,0.771,0.876,0.435,0.061,0.328,0.206,0.068,电子舞曲
Alessia Cara,13,pop,43.077,78,2016.0,0.551,0.691,0.398,0.127,0.0,0.125,0.141,流行
Tchami,5,edm,43.0,57,2018.0,0.756,0.813,0.553,0.003,0.51,0.065,0.057,电子舞曲
Farruko,27,latin,42.926,77,2016.0,0.722,0.76,0.705,0.229,0.0,0.216,0.086,拉丁
Musiq Soulchild,17,r&b,42.882,58,2002.0,0.606,0.544,0.432,0.244,0.0,0.177,0.156,R&B
Hansie,7,latin,42.857,49,2019.0,0.69,0.689,0.687,0.287,0.0,0.143,0.298,拉丁
The Marshall Tucker Band,5,rock,42.8,65,1975.0,0.442,0.779,0.568,0.168,0.003,0.118,0.037,摇滚
Kungs,10,latin,42.8,78,2016.0,0.726,0.705,0.46,0.09,0.152,0.2,0.064,拉丁
Nothing More,5,rock,42.8,59,2017.0,0.417,0.92,0.432,0.0,0.004,0.151,0.086,摇滚
3 Doors Down,8,rock,42.75,77,2002.0,0.518,0.798,0.46,0.015,0.012,0.165,0.041,摇滚
Rich Homie Quan,7,rap,42.714,63,2014.0,0.72,0.555,0.566,0.064,0.0,0.296,0.193,说唱
Tamia,6,r&b,42.667,64,1998.0,0.648,0.544,0.512,0.249,0.0,0.188,0.032,R&B
David Bowie,28,rock,42.643,75,1983.0,0.526,0.682,0.609,0.109,0.062,0.217,0.04,摇滚
The Cars,10,rock,42.6,69,1979.5,0.637,0.708,0.683,0.043,0.077,0.158,0.037,摇滚
Madiel Lara,7,latin,42.571,52,2018.0,0.786,0.688,0.745,0.247,0.0,0.218,0.051,拉丁
Theory of a Deadman,6,rock,42.5,60,2011.0,0.505,0.846,0.492,0.021,0.0,0.16,0.049,摇滚
Jorja Smith,18,r&b,42.5,80,2018.0,0.566,0.541,0.353,0.504,0.021,0.158,0.157,R&B
Big K.R.I.T.,14,r&b,42.5,58,2017.0,0.552,0.729,0.322,0.179,0.0,0.15,0.178,R&B
Deep Purple,15,rock,42.467,75,1980.0,0.46,0.759,0.594,0.081,0.137,0.161,0.045,摇滚
Alice Cooper,15,rock,42.467,70,1976.0,0.477,0.712,0.54,0.098,0.015,0.209,0.062,摇滚
Maroon 5,44,pop,42.409,98,2014.0,0.683,0.699,0.56,0.136,0.0,0.213,0.052,流行
Youngbloodz,5,rap,42.4,68,2003.0,0.755,0.676,0.622,0.02,0.0,0.448,0.332,说唱
Sampha,5,r&b,42.4,63,2017.0,0.65,0.445,0.353,0.431,0.003,0.207,0.093,R&B
Queen,130,rock,42.4,84,1976.0,0.475,0.62,0.455,0.292,0.024,0.222,0.072,摇滚
Joey Montana,8,latin,42.25,65,2015.0,0.76,0.799,0.744,0.181,0.0,0.161,0.066,拉丁
Tinashe,9,edm,42.222,67,2016.0,0.659,0.656,0.44,0.174,0.0,0.15,0.087,电子舞曲
Van Morrison,9,rock,42.222,79,1970.0,0.582,0.553,0.761,0.274,0.0,0.258,0.043,摇滚
The Vamps,5,pop,42.2,74,2014.0,0.566,0.786,0.627,0.063,0.0,0.299,0.043,流行
Karan Aujla,5,rap,42.0,61,2019.0,0.682,0.715,0.54,0.166,0.0,0.274,0.186,说唱
R.K.M & Ken-Y,11,latin,42.0,63,2008.0,0.794,0.721,0.659,0.218,0.007,0.253,0.071,拉丁
Gloria Trevi,5,latin,42.0,59,2019.0,0.591,0.814,0.584,0.101,0.0,0.118,0.085,拉丁
DJ Snake,37,pop,41.919,88,2016.0,0.656,0.786,0.336,0.083,0.083,0.182,0.087,流行
Logic,65,rap,41.908,81,2018.0,0.732,0.775,0.526,0.15,0.001,0.169,0.151,说唱
Avicii,48,pop,41.896,84,2014.0,0.604,0.781,0.481,0.078,0.08,0.175,0.052,流行
Wale,7,r&b,41.857,69,2017.0,0.679,0.659,0.402,0.159,0.0,0.168,0.218,R&B
Sebastian Ingrosso,6,edm,41.833,64,2012.5,0.45,0.788,0.29,0.041,0.0,0.133,0.049,电子舞曲
Drake,68,rap,41.809,88,2016.0,0.739,0.549,0.38,0.139,0.009,0.172,0.182,说唱
Foxa,5,latin,41.8,47,2019.0,0.68,0.822,0.391,0.164,0.017,0.198,0.094,拉丁
Seeb,8,pop,41.75,73,2017.5,0.569,0.804,0.445,0.212,0.0,0.223,0.073,流行
Capital Cities,6,pop,41.667,77,2013.0,0.669,0.755,0.749,0.015,0.031,0.101,0.034,流行
Calum Scott,5,edm,41.6,83,2017.0,0.582,0.499,0.184,0.363,0.0,0.135,0.035,电子舞曲
Eric Clapton,13,rock,41.462,73,1995.0,0.634,0.55,0.645,0.211,0.075,0.312,0.035,摇滚
Mike Williams,11,edm,41.455,70,2018.0,0.635,0.866,0.476,0.065,0.229,0.264,0.05,电子舞曲
Martin Garrix,87,edm,41.402,83,2016.0,0.585,0.8,0.251,0.051,0.258,0.269,0.061,电子舞曲
Twisted Sister,5,rock,41.4,73,2007.0,0.52,0.88,0.758,0.01,0.042,0.273,0.058,摇滚
Jacob Banks,5,r&b,41.4,62,2018.0,0.41,0.362,0.239,0.814,0.012,0.125,0.06,R&B
Jelly Roll,29,rap,41.241,61,2018.0,0.669,0.686,0.397,0.173,0.0,0.178,0.109,说唱
Boston,9,rock,41.222,78,1976.0,0.398,0.678,0.436,0.038,0.047,0.147,0.039,摇滚
The Aces,6,pop,41.167,57,2018.0,0.594,0.693,0.611,0.139,0.016,0.12,0.057,流行
Avril Lavigne,6,pop,41.167,77,2007.0,0.513,0.872,0.582,0.044,0.002,0.223,0.07,流行
Mike Bahía,7,latin,41.143,79,2019.0,0.772,0.697,0.476,0.221,0.0,0.099,0.239,拉丁
blackwave.,7,r&b,41.143,53,2017.0,0.703,0.627,0.65,0.182,0.0,0.206,0.199,R&B
Gucci Mane,15,rap,41.133,78,2017.0,0.794,0.577,0.387,0.121,0.0,0.196,0.174,说唱
Bryce Vine,5,pop,41.0,55,2014.0,0.562,0.773,0.682,0.042,0.0,0.213,0.116,流行
Elderbrook,5,pop,41.0,61,2018.0,0.785,0.588,0.463,0.317,0.191,0.153,0.077,流行
U2,26,rock,40.923,79,1998.0,0.536,0.694,0.48,0.104,0.037,0.2,0.039,摇滚
Joe,13,r&b,40.923,64,2000.0,0.669,0.595,0.592,0.238,0.0,0.239,0.061,R&B
Trick Daddy,9,rap,40.889,65,2001.0,0.86,0.706,0.72,0.065,0.0,0.19,0.192,说唱
The Wanted,6,edm,40.833,71,2012.0,0.622,0.842,0.415,0.036,0.003,0.154,0.066,电子舞曲
Gzuz,8,rap,40.75,79,2015.0,0.626,0.741,0.446,0.165,0.0,0.196,0.39,说唱
Deep Chills,10,latin,40.7,60,2018.5,0.785,0.641,0.585,0.237,0.0,0.214,0.096,拉丁
Ice Cube,23,rap,40.696,74,2001.0,0.778,0.762,0.641,0.102,0.008,0.215,0.216,说唱
R3HAB,47,edm,40.681,80,2017.0,0.62,0.816,0.344,0.126,0.112,0.188,0.078,电子舞曲
Rihanna,45,latin,40.667,80,2012.0,0.659,0.675,0.469,0.103,0.001,0.147,0.088,拉丁
Troye Sivan,12,pop,40.583,75,2018.0,0.665,0.678,0.55,0.121,0.008,0.155,0.057,流行
GoldLink,12,r&b,40.583,76,2016.0,0.725,0.707,0.513,0.201,0.001,0.23,0.254,R&B
Prabh Deep,7,rap,40.571,49,2019.0,0.768,0.692,0.531,0.262,0.0,0.139,0.321,说唱
NLSN,7,latin,40.571,57,2019.0,0.717,0.694,0.519,0.147,0.005,0.164,0.12,拉丁
Aerosmith,29,rock,40.517,78,1998.0,0.468,0.786,0.516,0.114,0.008,0.229,0.039,摇滚
Jess Glynne,6,pop,40.5,70,2018.0,0.681,0.699,0.515,0.3,0.0,0.207,0.092,流行
Fred Hammond,6,r&b,40.5,54,2000.0,0.373,0.674,0.316,0.454,0.0,0.414,0.077,R&B
Kaan Pars,8,edm,40.5,48,2018.0,0.766,0.624,0.302,0.356,0.083,0.146,0.11,电子舞曲
Ying Yang Twins,7,rap,40.429,71,2003.0,0.715,0.671,0.509,0.013,0.0,0.187,0.146,说唱
TLC,17,r&b,40.412,79,1994.0,0.718,0.681,0.648,0.071,0.075,0.147,0.058,R&B
Soul For Real,5,r&b,40.4,59,2007.0,0.657,0.589,0.56,0.096,0.0,0.081,0.056,R&B
Ñejo & Dalmata,8,latin,40.25,68,2007.0,0.844,0.738,0.662,0.147,0.001,0.124,0.1,拉丁
Lost Frequencies,25,pop,40.24,67,2017.0,0.712,0.686,0.439,0.159,0.018,0.171,0.051,流行
Armin van Buuren,43,edm,40.186,68,2018.0,0.575,0.872,0.284,0.026,0.159,0.201,0.072,电子舞曲
Michael Learns To Rock,10,rock,40.1,61,2014.0,0.637,0.448,0.446,0.181,0.0,0.101,0.026,摇滚
Janelle Monáe,30,pop,40.033,56,2013.0,0.628,0.609,0.475,0.216,0.026,0.176,0.099,流行
Gente De Zona,8,latin,40.0,73,2017.0,0.721,0.901,0.818,0.126,0.0,0.179,0.058,拉丁
Warren G,8,rap,40.0,73,1994.0,0.821,0.601,0.72,0.192,0.009,0.125,0.197,说唱
Hot Shade,5,latin,40.0,68,2018.0,0.625,0.768,0.597,0.049,0.0,0.211,0.087,拉丁
Cam’ron,6,rap,40.0,65,2002.0,0.735,0.767,0.779,0.025,0.0,0.159,0.274,说唱
James Blake,7,r&b,39.857,67,2019.0,0.51,0.387,0.305,0.789,0.115,0.135,0.111,R&B
Mary J. Blige,12,r&b,39.833,70,1992.0,0.664,0.639,0.659,0.283,0.0,0.134,0.08,R&B
Eric B. & Rakim,5,rap,39.8,53,1988.0,0.781,0.784,0.693,0.123,0.001,0.097,0.233,说唱
Juvenile,14,rap,39.786,65,1999.0,0.786,0.736,0.658,0.13,0.0,0.132,0.194,说唱
Odd Chap,6,edm,39.667,45,2018.0,0.83,0.866,0.682,0.08,0.218,0.161,0.163,电子舞曲
Lonely in the Rain,7,edm,39.571,57,2019.0,0.613,0.533,0.137,0.481,0.314,0.134,0.059,电子舞曲
Metallica,14,rock,39.5,79,1991.0,0.486,0.764,0.404,0.014,0.022,0.145,0.051,摇滚
Flume,11,rap,39.455,76,2017.0,0.533,0.668,0.308,0.167,0.002,0.119,0.067,说唱
Sultan + Shepard,7,edm,39.429,55,2019.0,0.641,0.794,0.263,0.025,0.283,0.262,0.048,电子舞曲
Macross 82-99,10,r&b,39.4,52,2016.0,0.667,0.802,0.658,0.029,0.36,0.238,0.079,R&B
The Electric Swing Circus,5,edm,39.4,50,2018.0,0.791,0.783,0.838,0.12,0.092,0.2,0.057,电子舞曲
Cypress Hill,36,latin,39.389,70,1999.0,0.759,0.673,0.602,0.055,0.07,0.177,0.254,拉丁
KAAZE,13,edm,39.385,63,2019.0,0.535,0.826,0.361,0.019,0.198,0.361,0.059,电子舞曲
Iggy Pop,8,rock,39.375,60,1998.5,0.442,0.749,0.618,0.18,0.175,0.236,0.049,摇滚
Wolfgang Lohr,9,edm,39.333,42,2018.0,0.816,0.834,0.718,0.18,0.277,0.158,0.117,电子舞曲
Raekwon,6,rap,39.167,63,2003.5,0.602,0.792,0.512,0.117,0.0,0.231,0.267,说唱
Yves V,7,edm,39.143,69,2019.0,0.634,0.859,0.312,0.017,0.271,0.274,0.056,电子舞曲
Don Omar,84,latin,39.06,75,2010.0,0.728,0.797,0.718,0.127,0.004,0.229,0.123,拉丁
Noname,5,r&b,39.0,63,2019.0,0.714,0.488,0.455,0.394,0.007,0.116,0.173,R&B
Desiigner,8,pop,39.0,74,2016.0,0.637,0.734,0.298,0.097,0.0,0.263,0.274,流行
Imagine Dragons,33,pop,38.909,88,2015.0,0.568,0.707,0.445,0.145,0.017,0.245,0.075,流行
Dirty South,6,edm,38.833,61,2014.0,0.542,0.842,0.274,0.016,0.069,0.256,0.036,电子舞曲
Donell Jones,11,r&b,38.818,60,2002.0,0.716,0.514,0.679,0.198,0.0,0.156,0.05,R&B
Mustard,11,rap,38.818,90,2019.0,0.79,0.642,0.38,0.183,0.0,0.147,0.147,说唱
Faith Evans,9,r&b,38.778,63,1998.0,0.579,0.572,0.556,0.156,0.0,0.206,0.058,R&B
A Flock Of Seagulls,8,rock,38.75,58,1992.0,0.532,0.77,0.659,0.015,0.321,0.343,0.039,摇滚
Def Leppard,24,rock,38.75,74,1987.0,0.52,0.848,0.571,0.013,0.032,0.235,0.047,摇滚
Fuego,6,latin,38.667,69,2017.0,0.786,0.696,0.524,0.176,0.005,0.084,0.065,拉丁
Cosculluela,8,latin,38.625,71,2015.0,0.804,0.735,0.764,0.172,0.0,0.173,0.219,拉丁
CHVRCHES,5,pop,38.6,61,2018.0,0.482,0.754,0.272,0.014,0.009,0.172,0.032,流行
Yes,5,rock,38.6,69,1977.0,0.54,0.679,0.556,0.168,0.004,0.166,0.044,摇滚
Birdman,5,rap,38.6,59,2006.0,0.738,0.762,0.769,0.033,0.0,0.181,0.154,说唱
Glades,5,pop,38.6,54,2016.0,0.624,0.757,0.491,0.067,0.0,0.106,0.039,流行
After 7,8,r&b,38.5,53,1997.0,0.713,0.707,0.744,0.101,0.0,0.204,0.037,R&B
ARTY,8,edm,38.5,63,2019.0,0.563,0.83,0.305,0.042,0.346,0.202,0.041,电子舞曲
Goodie Mob,9,rap,38.333,56,1998.0,0.868,0.548,0.466,0.069,0.0,0.122,0.349,说唱
Mœnia,10,pop,38.2,68,2002.0,0.653,0.759,0.552,0.084,0.098,0.252,0.035,流行
Litvinenko,5,rap,38.2,46,2018.0,0.782,0.783,0.457,0.504,0.224,0.18,0.145,说唱
Depeche Mode,33,pop,38.03,71,1990.0,0.649,0.732,0.652,0.172,0.176,0.187,0.039,流行
Gloria Estefan,44,latin,38.023,60,1993.0,0.656,0.63,0.679,0.343,0.003,0.152,0.052,拉丁
JETFIRE,5,edm,38.0,45,2019.0,0.639,0.886,0.24,0.062,0.067,0.249,0.064,电子舞曲
Van Halen,31,rock,37.903,78,1984.0,0.499,0.883,0.58,0.07,0.021,0.173,0.071,摇滚
Ozzy Osbourne,16,rock,37.875,77,2000.0,0.413,0.825,0.402,0.056,0.002,0.179,0.069,摇滚
Jennifer Lopez,24,latin,37.875,74,2011.0,0.759,0.756,0.634,0.115,0.004,0.151,0.122,拉丁
Ludacris,27,rap,37.852,65,2003.0,0.673,0.761,0.636,0.123,0.0,0.229,0.287,说唱
Johnnie Taylor,6,rap,37.833,42,1992.5,0.695,0.533,0.636,0.454,0.001,0.231,0.045,说唱
Taz,5,rap,37.8,48,2019.0,0.82,0.509,0.418,0.084,0.015,0.145,0.079,说唱
Snoop Dogg,29,rap,37.793,72,2004.0,0.757,0.73,0.667,0.089,0.004,0.218,0.175,说唱
K-391,7,edm,37.714,78,2018.0,0.552,0.774,0.36,0.173,0.17,0.171,0.133,电子舞曲
Carly Simon,6,rock,37.667,75,1975.0,0.543,0.443,0.504,0.544,0.0,0.111,0.03,摇滚
Wings,6,rock,37.667,58,1976.0,0.646,0.438,0.65,0.225,0.107,0.215,0.039,摇滚
W&W,30,edm,37.633,62,2015.0,0.611,0.905,0.275,0.017,0.355,0.25,0.13,电子舞曲
Madison Mars,7,edm,37.571,59,2019.0,0.624,0.915,0.307,0.123,0.104,0.326,0.082,电子舞曲
The Bloody Beetroots,6,edm,37.5,51,2019.0,0.643,0.962,0.468,0.002,0.48,0.151,0.109,电子舞曲
St. Viper,6,r&b,37.333,41,2008.0,0.803,0.778,0.777,0.27,0.0,0.144,0.224,R&B
Maddix,6,edm,37.333,46,2019.0,0.543,0.889,0.254,0.062,0.186,0.352,0.096,电子舞曲
3LAU,9,edm,37.333,63,2015.0,0.561,0.804,0.317,0.047,0.086,0.285,0.073,电子舞曲
Dragon & Caballero,8,latin,37.25,53,2012.0,0.768,0.794,0.868,0.158,0.0,0.13,0.101,拉丁
FMK,5,rap,37.2,63,2018.0,0.666,0.457,0.31,0.075,0.0,0.106,0.072,说唱
Three 6 Mafia,15,rap,37.2,60,2000.0,0.83,0.811,0.722,0.11,0.0,0.275,0.135,说唱
Lil' Flip,5,rap,37.2,60,2004.0,0.791,0.495,0.741,0.06,0.0,0.161,0.264,说唱
TV Noise,12,edm,37.167,50,2019.0,0.783,0.894,0.437,0.002,0.119,0.205,0.143,电子舞曲
Will Sparks,7,edm,37.143,61,2018.0,0.592,0.817,0.281,0.039,0.629,0.288,0.153,电子舞曲
Steve Aoki,44,edm,37.023,69,2018.0,0.608,0.881,0.357,0.034,0.172,0.294,0.093,电子舞曲
AxLi,5,rap,37.0,41,2018.0,0.635,0.606,0.276,0.008,0.273,0.147,0.076,说唱
Cheap Trick,11,rock,37.0,70,2004.0,0.561,0.782,0.683,0.215,0.003,0.394,0.036,摇滚
Rod Stewart,10,rock,37.0,66,1977.0,0.553,0.629,0.604,0.352,0.04,0.21,0.038,摇滚
Akwid,10,latin,37.0,58,2010.0,0.695,0.743,0.6,0.279,0.0,0.206,0.332,拉丁
Martin Silence,6,edm,37.0,38,2017.0,0.755,0.816,0.579,0.007,0.096,0.286,0.036,电子舞曲
Weezer,11,rock,37.0,75,1996.0,0.598,0.686,0.627,0.087,0.0,0.187,0.042,摇滚
San Holo,8,pop,37.0,68,2017.0,0.539,0.715,0.388,0.147,0.0,0.194,0.07,流行
Wisin & Yandel,51,latin,36.961,80,2009.0,0.772,0.787,0.627,0.193,0.0,0.212,0.12,拉丁
Sade,8,r&b,36.875,66,1991.0,0.65,0.49,0.613,0.353,0.158,0.107,0.041,R&B
Sinead Harnett,6,r&b,36.833,62,2015.0,0.631,0.516,0.376,0.208,0.0,0.328,0.092,R&B
Jill Scott,22,r&b,36.818,54,2004.0,0.694,0.485,0.454,0.232,0.018,0.161,0.131,R&B
Erlandsson,5,edm,36.8,48,2018.0,0.617,0.783,0.431,0.125,0.0,0.166,0.071,电子舞曲
Machine Gun Kelly,5,r&b,36.8,73,2017.0,0.633,0.671,0.2,0.051,0.001,0.245,0.138,R&B
YBN Nahmir,5,rap,36.8,71,2017.0,0.745,0.657,0.475,0.028,0.0,0.271,0.337,说唱
Cabela and Schmitt,5,edm,36.8,44,2019.0,0.602,0.637,0.496,0.203,0.186,0.177,0.033,电子舞曲
Jean Juan,5,edm,36.8,42,2019.0,0.643,0.759,0.281,0.103,0.157,0.172,0.037,电子舞曲
John Lennon,19,rock,36.789,66,1975.0,0.564,0.507,0.408,0.452,0.113,0.182,0.068,摇滚
Klaas,13,edm,36.769,67,2018.0,0.699,0.807,0.497,0.026,0.137,0.22,0.065,电子舞曲
The Kooks,7,latin,36.714,56,2008.0,0.554,0.744,0.645,0.384,0.0,0.304,0.081,拉丁
Mint Condition,9,r&b,36.667,57,2006.0,0.669,0.585,0.55,0.157,0.004,0.167,0.041,R&B
Seth Hills,6,edm,36.667,48,2019.0,0.684,0.876,0.29,0.011,0.429,0.217,0.086,电子舞曲
Helion,6,edm,36.667,46,2019.0,0.625,0.809,0.355,0.067,0.766,0.338,0.111,电子舞曲
Möwe,5,latin,36.6,57,2017.0,0.673,0.789,0.424,0.09,0.0,0.264,0.056,拉丁
Bhavi,10,rap,36.6,71,2019.0,0.808,0.627,0.395,0.135,0.0,0.118,0.128,说唱
Maxwell,22,r&b,36.591,65,1998.5,0.674,0.502,0.51,0.273,0.105,0.151,0.078,R&B
Nidža Bleja,7,r&b,36.571,40,2009.0,0.788,0.722,0.721,0.221,0.094,0.098,0.108,R&B
Syn Cole,11,edm,36.545,59,2017.0,0.644,0.802,0.477,0.169,0.012,0.123,0.048,电子舞曲
Bart & Baker,7,edm,36.429,46,2017.0,0.783,0.775,0.682,0.073,0.168,0.09,0.093,电子舞曲
Ralph,5,pop,36.4,46,2018.0,0.74,0.64,0.667,0.185,0.001,0.135,0.051,流行
Quentyn,10,pop,36.4,45,2018.5,0.562,0.703,0.283,0.049,0.184,0.207,0.044,流行
Eric Benét,8,r&b,36.375,57,1999.0,0.671,0.533,0.558,0.251,0.0,0.157,0.079,R&B
Keith Sweat,24,r&b,36.375,63,1996.0,0.665,0.557,0.627,0.143,0.002,0.236,0.055,R&B
Nappy Roots,6,rap,36.333,49,2002.0,0.719,0.799,0.639,0.119,0.0,0.32,0.273,说唱
Hardwell,68,edm,36.324,67,2016.0,0.609,0.874,0.247,0.026,0.149,0.238,0.074,电子舞曲
N.W.A.,23,rap,36.304,70,1996.0,0.823,0.781,0.725,0.03,0.0,0.201,0.261,说唱
Dimitri Vegas & Like Mike,68,edm,36.221,81,2016.0,0.58,0.896,0.324,0.036,0.37,0.258,0.108,电子舞曲
Morrissey,10,rock,36.2,63,1992.0,0.536,0.874,0.691,0.011,0.102,0.186,0.035,摇滚
Unaverage Gang,5,rap,36.2,54,2019.0,0.665,0.625,0.281,0.231,0.238,0.234,0.114,说唱
Rhye,8,pop,36.125,64,2015.5,0.733,0.427,0.477,0.684,0.265,0.178,0.051,流行
Nurminsky,8,rap,36.125,47,2018.5,0.811,0.699,0.682,0.279,0.0,0.176,0.197,说唱
8Ball & MJG,10,rap,36.1,50,2015.0,0.815,0.611,0.546,0.037,0.003,0.196,0.245,说唱
The Police,15,rock,36.067,83,1983.0,0.694,0.636,0.764,0.224,0.002,0.107,0.143,摇滚
Gang Starr,6,rap,36.0,62,1999.0,0.708,0.757,0.69,0.076,0.111,0.156,0.216,说唱
Matroda,8,edm,36.0,47,2019.0,0.81,0.871,0.452,0.042,0.528,0.096,0.097,电子舞曲
TooManyLeftHands,7,edm,36.0,49,2018.0,0.654,0.831,0.526,0.085,0.0,0.169,0.068,电子舞曲
Billy Squier,5,rock,36.0,64,1981.0,0.504,0.727,0.743,0.28,0.0,0.279,0.045,摇滚
Jaheim,6,r&b,36.0,57,2002.0,0.712,0.494,0.607,0.288,0.0,0.191,0.202,R&B
Ummet Ozcan,14,edm,35.929,62,2016.5,0.633,0.935,0.216,0.066,0.451,0.225,0.05,电子舞曲
The Offspring,9,rock,35.889,77,1998.0,0.589,0.907,0.733,0.038,0.0,0.191,0.067,摇滚
Khea,13,rap,35.846,71,2018.0,0.763,0.561,0.448,0.3,0.0,0.185,0.074,说唱
Dwele,6,r&b,35.833,45,2004.0,0.688,0.544,0.493,0.281,0.0,0.145,0.187,R&B
Dillon Francis,11,edm,35.818,64,2015.0,0.665,0.846,0.481,0.03,0.205,0.318,0.094,电子舞曲
MC Hammer,5,r&b,35.8,71,1994.0,0.875,0.752,0.873,0.026,0.013,0.216,0.076,R&B
Fonseca,8,latin,35.75,65,2009.5,0.67,0.885,0.739,0.193,0.0,0.119,0.092,拉丁
Mike Posner,10,pop,35.7,78,2016.0,0.691,0.617,0.48,0.184,0.045,0.156,0.078,流行
Juanes,15,latin,35.667,78,2012.0,0.62,0.693,0.664,0.297,0.0,0.466,0.067,拉丁
Kurupt,6,rap,35.667,53,2005.0,0.823,0.598,0.561,0.125,0.0,0.223,0.315,说唱
John Mellencamp,5,rock,35.6,73,1997.0,0.698,0.651,0.735,0.059,0.002,0.197,0.046,摇滚
Great Good Fine Ok,9,pop,35.556,57,2016.0,0.697,0.717,0.666,0.182,0.001,0.114,0.058,流行
Steppenwolf,6,rock,35.5,73,1979.5,0.509,0.706,0.64,0.177,0.317,0.159,0.072,摇滚
Al B. Sure!,6,r&b,35.5,51,1988.0,0.725,0.523,0.702,0.027,0.001,0.075,0.042,R&B
Terror Jr,7,pop,35.429,56,2016.0,0.787,0.449,0.542,0.334,0.004,0.124,0.095,流行
Seether,12,rock,35.417,73,2007.0,0.529,0.835,0.435,0.015,0.004,0.156,0.054,摇滚
11 Acorn Lane,5,edm,35.4,43,2018.0,0.732,0.9,0.728,0.102,0.004,0.3,0.123,电子舞曲
Rev Theory,5,rock,35.4,63,2011.0,0.393,0.953,0.412,0.0,0.058,0.133,0.087,摇滚
Bubba Sparxxx,5,rap,35.4,53,2003.0,0.66,0.722,0.669,0.314,0.006,0.29,0.255,说唱
Hi-Five,10,r&b,35.3,55,1991.0,0.643,0.706,0.73,0.134,0.003,0.14,0.041,R&B
Kaskade,14,edm,35.286,71,2014.5,0.571,0.794,0.365,0.06,0.052,0.156,0.088,电子舞曲
Quiet Riot,9,rock,35.222,70,1996.0,0.468,0.924,0.483,0.009,0.013,0.211,0.096,摇滚
Electric Light Orchestra,11,rock,35.182,79,1979.0,0.541,0.66,0.599,0.333,0.171,0.293,0.034,摇滚
SWV,21,r&b,35.143,66,1996.0,0.71,0.661,0.659,0.082,0.008,0.137,0.065,R&B
Billy Idol,8,rock,35.125,71,1983.0,0.569,0.792,0.556,0.006,0.006,0.308,0.051,摇滚
Five Finger Death Punch,27,rock,35.037,69,2013.0,0.483,0.946,0.325,0.002,0.0,0.175,0.12,摇滚
Seven Kayne,5,rap,35.0,61,2018.0,0.74,0.576,0.51,0.126,0.0,0.121,0.086,说唱
Deniz Koyu,6,edm,35.0,58,2019.0,0.542,0.917,0.299,0.004,0.392,0.226,0.067,电子舞曲
DNCE,7,pop,35.0,80,2015.0,0.701,0.763,0.866,0.128,0.0,0.169,0.079,流行
Neil Young,8,rock,35.0,71,1977.0,0.553,0.511,0.576,0.237,0.016,0.131,0.03,摇滚
Hogland,11,edm,34.909,66,2018.0,0.589,0.717,0.379,0.155,0.0,0.178,0.074,电子舞曲
MOTi,11,edm,34.909,61,2019.0,0.686,0.829,0.414,0.03,0.158,0.214,0.086,电子舞曲
Lil Jon,7,latin,34.857,65,2010.0,0.778,0.839,0.508,0.098,0.0,0.109,0.199,拉丁
MZ,6,r&b,34.833,44,2016.0,0.728,0.659,0.61,0.16,0.0,0.137,0.208,R&B
KSHMR,31,edm,34.806,66,2018.0,0.574,0.883,0.323,0.032,0.209,0.283,0.125,电子舞曲
ScHoolboy Q,9,rap,34.778,72,2014.0,0.755,0.632,0.475,0.085,0.011,0.166,0.179,说唱
Anthony Hamilton,14,r&b,34.714,58,2006.5,0.713,0.57,0.618,0.156,0.0,0.158,0.127,R&B
Manse,6,edm,34.667,51,2019.0,0.518,0.78,0.247,0.145,0.0,0.208,0.054,电子舞曲
Alesso,23,edm,34.609,77,2015.0,0.586,0.758,0.429,0.116,0.0,0.222,0.06,电子舞曲
Naeleck,8,edm,34.5,50,2016.0,0.69,0.866,0.324,0.002,0.413,0.303,0.141,电子舞曲
Dio,10,rock,34.5,65,1991.5,0.517,0.859,0.405,0.022,0.209,0.121,0.083,摇滚
JP Cooper,7,latin,34.429,55,2017.0,0.607,0.627,0.422,0.157,0.0,0.134,0.049,拉丁
Stevie B,5,latin,34.4,49,1991.0,0.658,0.754,0.762,0.046,0.06,0.18,0.068,拉丁
Triomphe,6,edm,34.333,44,2019.0,0.666,0.522,0.244,0.71,0.611,0.116,0.094,电子舞曲
Pickin' On Series,12,r&b,34.333,38,2009.5,0.651,0.52,0.644,0.546,0.082,0.174,0.034,R&B
Party Favor,10,rap,34.3,59,2019.0,0.608,0.897,0.314,0.048,0.392,0.215,0.076,说唱
Ram Jam,5,rock,34.2,67,2008.0,0.459,0.828,0.745,0.009,0.003,0.153,0.109,摇滚
Pekeño 77,7,rap,34.143,61,2019.0,0.807,0.638,0.542,0.133,0.0,0.14,0.125,说唱
Good Times Ahead,7,rap,34.0,56,2016.0,0.636,0.91,0.515,0.066,0.246,0.221,0.142,说唱
Dash Berlin,9,edm,34.0,48,2014.0,0.529,0.847,0.233,0.057,0.0,0.246,0.051,电子舞曲
Toda la Vida,5,latin,34.0,39,2017.0,0.738,0.732,0.404,0.053,0.0,0.12,0.131,拉丁
Moonchild,5,r&b,34.0,50,2017.0,0.64,0.319,0.404,0.64,0.043,0.22,0.237,R&B
Bruce Springsteen,14,rock,34.0,76,1984.0,0.513,0.79,0.7,0.161,0.011,0.156,0.043,摇滚
2Pac,55,rap,33.855,77,1998.0,0.786,0.749,0.641,0.092,0.0,0.247,0.203,说唱
Breathe Carolina,6,edm,33.833,56,2018.5,0.623,0.886,0.511,0.031,0.0,0.355,0.092,电子舞曲
Olly James,6,edm,33.833,43,2019.0,0.525,0.874,0.232,0.005,0.342,0.295,0.102,电子舞曲
Mark Knight,5,edm,33.8,51,2013.0,0.711,0.893,0.317,0.004,0.747,0.197,0.067,电子舞曲
Roosevelt,5,edm,33.8,54,2018.0,0.643,0.811,0.73,0.019,0.651,0.172,0.041,电子舞曲
Dire Straits,14,rock,33.714,75,1985.0,0.615,0.71,0.696,0.218,0.073,0.178,0.042,摇滚
Tevin Campbell,13,r&b,33.692,66,1994.0,0.685,0.636,0.624,0.062,0.002,0.115,0.048,R&B
Zedd,32,edm,33.688,84,2015.0,0.621,0.79,0.391,0.081,0.001,0.139,0.052,电子舞曲
"Héctor ""El Father""",8,latin,33.625,65,2006.5,0.797,0.724,0.496,0.296,0.0,0.398,0.119,拉丁
Esperanza Spalding,5,r&b,33.6,54,2008.0,0.52,0.415,0.589,0.618,0.077,0.124,0.053,R&B
Vigiland,7,edm,33.571,67,2016.0,0.751,0.75,0.436,0.043,0.131,0.165,0.095,电子舞曲
Nas,20,rap,33.55,68,1996.0,0.709,0.731,0.564,0.062,0.002,0.193,0.272,说唱
Janet Jackson,39,r&b,33.538,67,1989.0,0.711,0.729,0.625,0.23,0.082,0.212,0.059,R&B
Tucka,7,rap,33.429,38,2011.0,0.82,0.65,0.896,0.21,0.001,0.11,0.038,说唱
DJ Mibor,6,edm,33.333,43,2018.5,0.899,0.762,0.788,0.075,0.301,0.383,0.191,电子舞曲
Raphael Saadiq,8,r&b,33.25,50,2002.0,0.756,0.558,0.728,0.116,0.002,0.167,0.14,R&B
Pharrell Williams,5,pop,33.2,79,2014.0,0.646,0.809,0.769,0.14,0.0,0.189,0.116,流行
DJ Quik,10,rap,33.2,53,1991.5,0.826,0.583,0.641,0.043,0.092,0.196,0.226,说唱
Disco Fries,5,edm,33.2,43,2018.0,0.647,0.817,0.533,0.104,0.0,0.225,0.066,电子舞曲
William Black,5,rap,33.2,52,2019.0,0.526,0.724,0.235,0.125,0.0,0.139,0.049,说唱
Dr. Dre,18,rap,33.167,75,1999.0,0.813,0.789,0.552,0.103,0.0,0.141,0.216,说唱
Sikander Kahlon,5,rap,33.0,39,2018.0,0.757,0.716,0.698,0.271,0.0,0.207,0.165,说唱
18 Karat,9,rap,33.0,53,2018.0,0.665,0.77,0.473,0.112,0.0,0.165,0.367,说唱
Puddle Of Mudd,7,rock,32.857,69,2001.0,0.514,0.848,0.556,0.007,0.0,0.45,0.052,摇滚
Lil Mosey,6,r&b,32.833,64,2018.5,0.723,0.63,0.587,0.363,0.0,0.109,0.081,R&B
UGK,22,rap,32.818,60,2003.0,0.816,0.628,0.733,0.138,0.0,0.182,0.253,说唱
Thomas Gold,15,edm,32.733,44,2019.0,0.562,0.841,0.369,0.036,0.179,0.27,0.054,电子舞曲
TENDER,17,pop,32.706,48,2017.0,0.558,0.546,0.436,0.247,0.21,0.166,0.064,流行
Lil Jon & The East Side Boyz,6,rap,32.667,64,2007.5,0.741,0.701,0.505,0.053,0.0,0.157,0.137,说唱
Ryos,5,edm,32.6,46,2019.0,0.526,0.892,0.251,0.021,0.069,0.182,0.079,电子舞曲
Lee Fields & The Expressions,5,r&b,32.6,50,2012.0,0.552,0.595,0.529,0.172,0.225,0.246,0.045,R&B
Jimi Hendrix,13,rock,32.538,76,2000.0,0.472,0.787,0.601,0.028,0.236,0.192,0.056,摇滚
Basta,13,rap,32.462,44,2010.0,0.695,0.64,0.531,0.33,0.001,0.244,0.194,说唱
LOOPERS,11,edm,32.455,45,2018.0,0.695,0.902,0.392,0.017,0.281,0.202,0.097,电子舞曲
Ol' Dirty Bastard,7,rap,32.429,65,1999.0,0.809,0.509,0.468,0.143,0.022,0.193,0.298,说唱
Roberto Marín Muñoz,5,edm,32.4,40,2019.0,0.604,0.821,0.531,0.055,0.039,0.229,0.058,电子舞曲
Delinquent Habits,12,rap,32.333,51,2001.0,0.79,0.77,0.58,0.026,0.023,0.247,0.171,说唱
Color Me Badd,13,r&b,32.308,58,1991.0,0.683,0.657,0.63,0.048,0.058,0.092,0.064,R&B
Phos Toni,6,edm,32.167,37,2018.0,0.844,0.703,0.717,0.084,0.372,0.262,0.11,电子舞曲
Oh Wonder,6,pop,32.167,69,2015.0,0.614,0.512,0.386,0.472,0.002,0.11,0.054,流行
Matt Simons,6,pop,32.167,69,2015.5,0.779,0.632,0.289,0.225,0.002,0.189,0.064,流行
Pete Rock & C.L. Smooth,12,rap,32.167,60,1992.0,0.731,0.7,0.731,0.197,0.0,0.154,0.235,说唱
Tiësto,50,edm,32.1,82,2016.0,0.646,0.86,0.422,0.033,0.197,0.243,0.091,电子舞曲
Angie Stone,9,r&b,32.0,62,2001.0,0.743,0.589,0.678,0.295,0.0,0.181,0.102,R&B
Eminem,45,rap,31.889,83,2009.0,0.738,0.772,0.446,0.082,0.0,0.274,0.232,说唱
TREN LOKOTE,8,rap,31.875,47,2017.0,0.728,0.758,0.757,0.145,0.001,0.232,0.302,说唱
Blasterjaxx,29,edm,31.828,62,2016.0,0.602,0.861,0.27,0.028,0.246,0.283,0.066,电子舞曲
Julian Jordan,10,edm,31.7,59,2018.5,0.678,0.879,0.236,0.006,0.559,0.151,0.097,电子舞曲
Cuebrick,6,edm,31.667,44,2018.5,0.514,0.702,0.354,0.028,0.038,0.297,0.048,电子舞曲
Master P,17,rap,31.588,54,1998.0,0.748,0.677,0.518,0.033,0.0,0.206,0.292,说唱
8Ball,7,rap,31.571,47,1999.0,0.813,0.617,0.61,0.085,0.001,0.254,0.291,说唱
Digital Underground,5,r&b,31.4,62,1990.0,0.792,0.63,0.63,0.054,0.0,0.139,0.212,R&B
Reykon,10,latin,31.2,74,2015.0,0.77,0.708,0.784,0.14,0.0,0.17,0.146,拉丁
The Audition,7,pop,31.143,49,2008.0,0.491,0.894,0.595,0.01,0.0,0.187,0.057,流行
Next,7,r&b,31.143,64,2005.0,0.781,0.506,0.714,0.1,0.0,0.164,0.076,R&B
Garmiani,8,edm,31.125,53,2016.5,0.658,0.974,0.587,0.063,0.25,0.313,0.09,电子舞曲
Bad Company,8,rock,31.125,68,1974.0,0.578,0.581,0.596,0.328,0.075,0.187,0.032,摇滚
India.Arie,17,r&b,31.118,60,2002.0,0.706,0.497,0.528,0.267,0.003,0.124,0.139,R&B
Mary Mary,10,r&b,31.1,60,2002.5,0.65,0.691,0.583,0.113,0.001,0.159,0.118,R&B
Deorro,28,edm,31.071,70,2015.0,0.736,0.87,0.389,0.033,0.286,0.227,0.117,电子舞曲
Dru Hill,14,r&b,31.071,57,1998.0,0.708,0.466,0.587,0.221,0.0,0.149,0.087,R&B
Sick Individuals,22,edm,31.045,63,2019.0,0.617,0.824,0.335,0.085,0.108,0.251,0.064,电子舞曲
Seinabo Sey,6,latin,31.0,66,2015.0,0.593,0.506,0.49,0.324,0.0,0.23,0.075,拉丁
Krept & Konan,5,rap,31.0,58,2017.0,0.682,0.658,0.466,0.192,0.0,0.262,0.372,说唱
Reda Rwena,6,rap,31.0,39,2018.0,0.707,0.761,0.37,0.076,0.0,0.131,0.273,说唱
Carly Rae Jepsen,7,pop,31.0,76,2015.0,0.684,0.692,0.557,0.021,0.027,0.092,0.045,流行
Kid 'N Play,5,rap,30.8,43,1988.0,0.852,0.608,0.674,0.015,0.001,0.177,0.134,说唱
Disclosure,5,r&b,30.8,72,2014.0,0.668,0.623,0.499,0.132,0.001,0.16,0.167,R&B
1986 Omega Tribe,9,r&b,30.778,45,1987.0,0.687,0.623,0.826,0.359,0.029,0.155,0.032,R&B
Levert,6,r&b,30.667,53,1991.5,0.728,0.617,0.748,0.113,0.0,0.141,0.093,R&B
Justin Prime,5,edm,30.6,40,2019.0,0.641,0.919,0.263,0.07,0.13,0.253,0.095,电子舞曲
Kaspiyskiy Gruz,10,rap,30.6,49,2016.0,0.623,0.556,0.398,0.217,0.001,0.246,0.164,说唱
Felix Cartal,5,pop,30.6,60,2017.0,0.668,0.836,0.433,0.042,0.051,0.15,0.067,流行
Steve Miller Band,9,rock,30.556,75,1976.0,0.599,0.684,0.805,0.235,0.043,0.278,0.05,摇滚
Ne-Yo,8,r&b,30.5,77,2006.5,0.629,0.579,0.555,0.326,0.0,0.167,0.147,R&B
Whitesnake,16,rock,30.438,70,1987.0,0.352,0.86,0.332,0.102,0.01,0.302,0.053,摇滚
Flosstradamus,5,rap,30.4,61,2016.0,0.645,0.938,0.561,0.105,0.116,0.259,0.203,说唱
Joss Stone,6,r&b,30.333,47,2011.5,0.712,0.67,0.663,0.171,0.001,0.155,0.152,R&B
Major Lazer,50,pop,30.3,84,2015.0,0.689,0.799,0.514,0.056,0.048,0.242,0.084,流行
John Legend,32,r&b,30.281,85,2008.0,0.587,0.626,0.488,0.268,0.0,0.206,0.083,R&B
Tom Petty and the Heartbreakers,15,rock,30.267,73,2000.0,0.585,0.747,0.762,0.179,0.059,0.318,0.041,摇滚
La Coka Nostra,8,rap,30.0,38,2012.0,0.478,0.895,0.474,0.028,0.006,0.308,0.245,说唱
J Alvarez,22,latin,29.818,60,2014.0,0.719,0.751,0.745,0.256,0.0,0.264,0.075,拉丁
Masego,5,r&b,29.8,75,2018.0,0.758,0.551,0.467,0.482,0.0,0.164,0.132,R&B
Andery Toronto,5,rap,29.8,47,2018.0,0.552,0.706,0.566,0.173,0.0,0.156,0.314,说唱
Rapsody,10,rap,29.8,57,2016.0,0.559,0.739,0.538,0.082,0.0,0.238,0.369,说唱
Jody Watley,5,r&b,29.8,41,2000.0,0.825,0.617,0.824,0.145,0.006,0.144,0.044,R&B
Mike Gudmann,5,edm,29.8,38,2019.0,0.767,0.796,0.492,0.031,0.134,0.279,0.29,电子舞曲
Erykah Badu,30,r&b,29.7,67,2000.0,0.681,0.458,0.467,0.211,0.077,0.181,0.142,R&B
The Band,13,rock,29.615,63,2015.0,0.646,0.687,0.843,0.482,0.005,0.229,0.048,摇滚
Fugees,5,rap,29.6,74,1996.0,0.72,0.435,0.554,0.1,0.0,0.307,0.263,说唱
Blackcode,5,edm,29.6,39,2019.0,0.528,0.718,0.327,0.217,0.0,0.349,0.065,电子舞曲
Axwell /\ Ingrosso,8,pop,29.5,80,2017.0,0.561,0.806,0.422,0.076,0.0,0.171,0.058,流行
Gamora,6,rap,29.5,46,2017.5,0.711,0.682,0.6,0.294,0.0,0.198,0.436,说唱
Shaun Frank,5,edm,29.4,45,2019.0,0.724,0.825,0.414,0.012,0.507,0.256,0.056,电子舞曲
Dyro,9,edm,29.333,48,2018.0,0.659,0.9,0.298,0.005,0.382,0.187,0.132,电子舞曲
The Rolling Stones,32,rock,29.312,76,1971.0,0.588,0.773,0.679,0.279,0.063,0.177,0.065,摇滚
Raheem DeVaughn,11,r&b,29.182,50,2008.0,0.607,0.566,0.521,0.323,0.0,0.229,0.117,R&B
Rise Against,7,rock,29.143,70,2008.0,0.385,0.947,0.523,0.001,0.0,0.205,0.081,摇滚
LANY,12,pop,29.0,69,2017.0,0.641,0.583,0.411,0.228,0.015,0.197,0.066,流行
Duke Dumont,7,edm,29.0,68,2015.0,0.643,0.794,0.406,0.013,0.023,0.113,0.048,电子舞曲
Junko Ohashi,10,r&b,28.9,47,1998.0,0.609,0.762,0.627,0.147,0.0,0.176,0.044,R&B
Bolier,6,latin,28.833,54,2016.5,0.723,0.768,0.422,0.137,0.042,0.271,0.049,拉丁
Derek & The Dominos,6,rock,28.833,74,1982.5,0.411,0.783,0.446,0.56,0.29,0.258,0.056,摇滚
Shai,9,r&b,28.778,56,2001.0,0.557,0.381,0.474,0.429,0.001,0.168,0.038,R&B
Wahlstedt,9,edm,28.778,53,2019.0,0.735,0.803,0.373,0.074,0.137,0.135,0.043,电子舞曲
Hillsong Young & Free,8,edm,28.75,52,2016.0,0.554,0.819,0.479,0.021,0.006,0.215,0.059,电子舞曲
Ledisi,11,r&b,28.727,55,2008.0,0.637,0.603,0.511,0.264,0.0,0.104,0.129,R&B
Mötley Crüe,23,rock,28.609,76,1989.0,0.479,0.901,0.374,0.019,0.006,0.251,0.099,摇滚
Big L,9,rap,28.556,61,1995.0,0.727,0.673,0.75,0.147,0.0,0.204,0.349,说唱
Scarface,25,rap,28.48,60,1998.0,0.75,0.603,0.589,0.091,0.006,0.21,0.269,说唱
Bone Thugs-N-Harmony,9,rap,28.444,67,1995.0,0.735,0.603,0.578,0.049,0.0,0.373,0.123,说唱
Danny Boone,10,rap,28.4,46,2014.0,0.585,0.679,0.602,0.068,0.0,0.178,0.041,说唱
Babyface,18,r&b,28.389,61,1993.0,0.71,0.604,0.629,0.181,0.029,0.139,0.043,R&B
Status Quo,8,rock,28.375,62,2009.0,0.548,0.717,0.698,0.233,0.064,0.293,0.044,摇滚
Lucy Pearl,5,r&b,28.2,52,2000.0,0.791,0.556,0.764,0.103,0.001,0.239,0.133,R&B
Mura Masa,5,r&b,28.2,64,2016.0,0.74,0.581,0.569,0.338,0.007,0.155,0.131,R&B
BONES,21,rap,28.19,58,2018.0,0.673,0.479,0.194,0.212,0.104,0.152,0.088,说唱
Plan B,15,latin,28.0,71,2011.0,0.847,0.811,0.714,0.149,0.0,0.225,0.085,拉丁
C-Murder,5,rap,28.0,38,1998.0,0.712,0.643,0.552,0.118,0.0,0.103,0.308,说唱
Minty Burns,6,r&b,28.0,39,2018.5,0.787,0.602,0.364,0.181,0.0,0.184,0.143,R&B
T.K. Soul,7,rap,28.0,38,2012.0,0.748,0.517,0.699,0.145,0.0,0.091,0.075,说唱
Funk Machine,5,edm,28.0,42,2019.0,0.611,0.832,0.302,0.017,0.005,0.132,0.094,电子舞曲
Robin Thicke,10,r&b,27.9,76,2009.5,0.758,0.492,0.657,0.34,0.004,0.13,0.08,R&B
Motörhead,9,rock,27.889,74,2007.0,0.354,0.923,0.285,0.006,0.106,0.119,0.113,摇滚
Paperwhite,8,pop,27.875,43,2016.0,0.572,0.804,0.495,0.024,0.024,0.15,0.042,流行
The Smashing Pumpkins,6,rock,27.833,74,1995.0,0.552,0.763,0.652,0.009,0.675,0.132,0.033,摇滚
Caravan Palace,6,edm,27.833,51,2016.0,0.786,0.934,0.728,0.299,0.003,0.106,0.135,电子舞曲
The Whispers,5,r&b,27.8,53,1990.0,0.63,0.648,0.73,0.043,0.001,0.088,0.056,R&B
Love Canon,5,r&b,27.8,37,2012.0,0.623,0.66,0.602,0.495,0.003,0.155,0.033,R&B
Brasstracks,17,r&b,27.706,48,2016.0,0.638,0.717,0.524,0.092,0.286,0.291,0.157,R&B
Karyn White,9,r&b,27.667,54,1991.0,0.659,0.752,0.758,0.277,0.0,0.108,0.042,R&B
Laidback Luke,15,edm,27.667,63,2015.0,0.668,0.843,0.441,0.047,0.381,0.317,0.086,电子舞曲
Pete Kingsman,6,edm,27.667,38,2018.0,0.596,0.823,0.476,0.085,0.0,0.154,0.043,电子舞曲
Soft Cell,6,pop,27.667,74,1989.0,0.554,0.499,0.627,0.397,0.001,0.329,0.038,流行
Vicetone,16,edm,27.625,63,2015.0,0.617,0.798,0.372,0.128,0.103,0.246,0.069,电子舞曲
Ted Nugent,14,rock,27.429,66,1998.0,0.479,0.844,0.562,0.023,0.135,0.15,0.058,摇滚
LL Cool J,12,r&b,27.417,54,1992.5,0.739,0.561,0.582,0.147,0.125,0.236,0.219,R&B
Wreckx-N-Effect,5,r&b,27.4,53,1992.0,0.856,0.827,0.489,0.037,0.005,0.267,0.156,R&B
Fanny Lu,7,latin,27.286,57,2009.0,0.802,0.842,0.881,0.259,0.0,0.135,0.055,拉丁
Guns N' Roses,63,rock,27.206,82,1991.0,0.391,0.868,0.387,0.077,0.124,0.249,0.08,摇滚
Sam Feldt,36,latin,27.194,83,2017.0,0.684,0.697,0.459,0.206,0.0,0.147,0.048,拉丁
Judas Priest,14,rock,27.143,69,2003.0,0.445,0.843,0.553,0.02,0.02,0.181,0.063,摇滚
Mako,8,edm,27.125,50,2016.5,0.571,0.693,0.347,0.151,0.001,0.189,0.06,电子舞曲
StaFFord63,9,rap,27.0,45,2018.0,0.692,0.468,0.512,0.335,0.002,0.186,0.254,说唱
Fickle Friends,7,pop,27.0,52,2018.0,0.672,0.823,0.736,0.064,0.0,0.133,0.044,流行
Kid Cudi,11,rap,27.0,74,2010.0,0.662,0.668,0.655,0.254,0.156,0.188,0.082,说唱
Control Machete,14,rap,27.0,60,1999.0,0.662,0.785,0.48,0.069,0.038,0.43,0.208,说唱
Kenny Lattimore,6,r&b,26.833,51,1997.5,0.714,0.48,0.532,0.392,0.005,0.167,0.068,R&B
Soundgarden,6,rock,26.833,63,1994.0,0.333,0.776,0.386,0.0,0.015,0.24,0.043,摇滚
Lisa Lisa & Cult Jam,5,latin,26.8,51,1985.0,0.723,0.677,0.684,0.052,0.035,0.297,0.066,拉丁
Boyz II Men,21,r&b,26.762,71,2003.0,0.637,0.578,0.512,0.209,0.008,0.158,0.052,R&B
Pebbles,7,r&b,26.714,42,2000.0,0.767,0.746,0.951,0.136,0.052,0.166,0.063,R&B
The Pharcyde,5,r&b,26.6,67,1992.0,0.765,0.792,0.742,0.066,0.001,0.359,0.227,R&B
Aaron Hall,9,r&b,26.556,46,1993.0,0.757,0.73,0.559,0.04,0.0,0.243,0.06,R&B
Duki,25,rap,26.48,79,2018.0,0.758,0.692,0.49,0.298,0.0,0.17,0.109,说唱
Dannic,10,edm,26.4,53,2017.0,0.606,0.925,0.288,0.072,0.212,0.346,0.106,电子舞曲
Kura,6,edm,26.333,59,2018.5,0.668,0.909,0.193,0.003,0.387,0.273,0.076,电子舞曲
Rush,13,rock,26.308,73,1981.0,0.426,0.861,0.585,0.027,0.072,0.216,0.062,摇滚
Yellow Claw,11,edm,26.273,69,2015.0,0.64,0.866,0.395,0.017,0.169,0.208,0.07,电子舞曲
R. Kelly,17,r&b,26.235,70,1993.0,0.715,0.598,0.689,0.176,0.0,0.141,0.079,R&B
Geto Boys,26,rap,26.231,65,1994.5,0.786,0.638,0.569,0.142,0.03,0.23,0.251,说唱
Roc DaGuard,5,r&b,26.2,33,2017.0,0.836,0.707,0.626,0.063,0.0,0.194,0.158,R&B
Thirty Seconds To Mars,8,latin,26.125,71,2008.0,0.389,0.493,0.237,0.44,0.0,0.38,0.061,拉丁
N1NT3ND0,10,rap,26.1,50,2011.0,0.778,0.528,0.529,0.305,0.003,0.172,0.369,说唱
Jodeci,21,r&b,26.0,60,1993.0,0.673,0.637,0.611,0.169,0.002,0.465,0.079,R&B
"Drako ""El Principe""",5,latin,26.0,51,2019.0,0.759,0.609,0.624,0.103,0.001,0.174,0.165,拉丁
Aaliyah,19,r&b,25.947,59,1996.0,0.683,0.592,0.632,0.195,0.011,0.182,0.086,R&B
Tony! Toni! Toné!,17,r&b,25.824,58,1997.0,0.774,0.707,0.739,0.119,0.0,0.215,0.074,R&B
Chester Nebro,5,rap,25.8,36,2018.0,0.613,0.751,0.451,0.34,0.0,0.154,0.103,说唱
Amel Larrieux,5,r&b,25.8,48,2000.0,0.592,0.515,0.509,0.311,0.002,0.17,0.196,R&B
Vikström,6,edm,25.667,36,2019.0,0.618,0.936,0.384,0.003,0.511,0.411,0.063,电子舞曲
Simple Minds,8,rock,25.625,53,1988.5,0.591,0.807,0.619,0.073,0.052,0.163,0.035,摇滚
Demun Jones,7,rap,25.571,51,2018.0,0.61,0.677,0.609,0.229,0.0,0.211,0.1,说唱
Jeezy,15,rap,25.533,68,2005.0,0.566,0.733,0.417,0.035,0.0,0.198,0.207,说唱
Swingrowers,6,edm,25.5,46,2015.5,0.763,0.836,0.825,0.17,0.069,0.38,0.061,电子舞曲
Angel Y Khriz,7,latin,25.429,68,2009.0,0.789,0.893,0.753,0.155,0.002,0.093,0.078,拉丁
Seryoga,5,rap,25.4,51,2008.0,0.66,0.752,0.613,0.194,0.0,0.263,0.248,说唱
Nicky Romero,26,edm,25.385,65,2016.5,0.593,0.847,0.334,0.062,0.178,0.273,0.085,电子舞曲
Scorpions,40,rock,25.325,77,1986.5,0.43,0.715,0.367,0.111,0.121,0.241,0.049,摇滚
Olexesh,18,rap,25.278,52,2015.5,0.707,0.73,0.538,0.237,0.0,0.251,0.377,说唱
Lloyd,5,r&b,25.2,61,2007.0,0.686,0.699,0.589,0.22,0.0,0.112,0.223,R&B
Auxxk,7,rap,25.143,43,2016.0,0.557,0.717,0.178,0.052,0.031,0.217,0.155,说唱
Ja Rule,18,r&b,25.056,72,2001.0,0.714,0.74,0.605,0.122,0.003,0.2,0.241,R&B
JAY-Z,20,rap,24.9,77,2007.0,0.69,0.739,0.638,0.11,0.012,0.204,0.313,说唱
Jenil,8,r&b,24.875,36,2019.0,0.619,0.916,0.34,0.048,0.247,0.236,0.116,R&B
Montrose,6,rock,24.833,48,2000.0,0.365,0.858,0.604,0.023,0.001,0.277,0.06,摇滚
オメガトライブ,42,rock,24.786,45,1984.0,0.639,0.705,0.56,0.298,0.001,0.17,0.034,摇滚
Gui Brazil,8,latin,24.75,41,2018.0,0.692,0.792,0.29,0.019,0.072,0.094,0.101,拉丁
Free,7,rock,24.714,70,2005.0,0.677,0.54,0.725,0.222,0.101,0.168,0.065,摇滚
Juan Magán,16,latin,24.688,65,2015.0,0.686,0.799,0.708,0.157,0.0,0.15,0.101,拉丁
Night Tempo,15,r&b,24.6,38,2017.0,0.682,0.884,0.566,0.088,0.06,0.237,0.342,R&B
DubVision,17,edm,24.588,64,2016.0,0.626,0.834,0.387,0.029,0.039,0.256,0.063,电子舞曲
Kiyotaka Sugiyama,12,rock,24.5,40,1985.0,0.672,0.517,0.662,0.288,0.0,0.203,0.038,摇滚
Chino & Nacho,10,latin,24.3,72,2010.0,0.713,0.898,0.746,0.209,0.0,0.178,0.092,拉丁
Case,9,r&b,23.889,58,2014.0,0.654,0.594,0.596,0.194,0.0,0.118,0.109,R&B
Far East Movement,6,edm,23.833,68,2015.0,0.643,0.844,0.583,0.058,0.026,0.189,0.13,电子舞曲
Blue Öyster Cult,13,rock,23.769,75,1977.0,0.427,0.786,0.585,0.105,0.009,0.256,0.051,摇滚
The Game,42,rap,23.738,72,2011.0,0.657,0.745,0.526,0.113,0.0,0.262,0.288,说唱
Sweet,7,rock,23.714,60,2014.0,0.509,0.821,0.548,0.211,0.0,0.174,0.107,摇滚
Zhané,10,r&b,23.7,54,1994.0,0.815,0.607,0.709,0.043,0.035,0.143,0.069,R&B
Soda Stereo,22,rock,23.591,54,1997.0,0.452,0.735,0.368,0.031,0.19,0.851,0.04,摇滚
Sandro Silva,9,edm,23.556,59,2014.0,0.544,0.909,0.215,0.075,0.482,0.165,0.093,电子舞曲
Brian McKnight,9,r&b,23.556,71,2002.0,0.639,0.375,0.391,0.358,0.003,0.113,0.03,R&B
Big Tymers,6,rap,23.5,60,2002.0,0.687,0.731,0.534,0.037,0.002,0.278,0.209,说唱
Bryan Adams,7,rock,23.286,74,1997.0,0.476,0.586,0.508,0.171,0.0,0.338,0.033,摇滚
Cream,9,rock,23.222,73,1968.0,0.612,0.547,0.697,0.392,0.005,0.209,0.038,摇滚
DVBBS,21,edm,23.095,60,2014.0,0.57,0.846,0.249,0.032,0.282,0.166,0.1,电子舞曲
Bassjackers,30,edm,23.067,58,2016.0,0.659,0.882,0.289,0.006,0.468,0.208,0.086,电子舞曲
Silkk The Shocker,6,rap,23.0,40,1998.0,0.673,0.634,0.624,0.181,0.0,0.189,0.269,说唱
50 Cent,49,rap,22.735,77,2005.0,0.684,0.733,0.61,0.147,0.0,0.192,0.294,说唱
Johnny Gill,13,r&b,22.692,54,1993.0,0.674,0.871,0.719,0.026,0.008,0.144,0.052,R&B
Big Boi,5,rap,22.6,39,2012.0,0.714,0.647,0.476,0.193,0.0,0.264,0.266,说唱
De Jeugd Van Tegenwoordig,5,rap,22.6,55,2010.0,0.767,0.627,0.667,0.072,0.001,0.173,0.149,说唱
Reyer,7,edm,22.571,36,2015.0,0.656,0.731,0.516,0.053,0.002,0.096,0.066,电子舞曲
YG,14,rap,22.5,78,2014.0,0.769,0.532,0.378,0.093,0.0,0.23,0.296,说唱
H-Town,6,r&b,22.5,59,1994.5,0.667,0.61,0.656,0.158,0.0,0.108,0.144,R&B
Erasure,6,pop,22.5,69,2000.0,0.606,0.737,0.66,0.031,0.008,0.235,0.03,流行
Deitrick Haddon,15,r&b,22.467,46,2011.0,0.688,0.743,0.624,0.048,0.0,0.222,0.066,R&B
Montell Jordan,8,r&b,22.375,65,2002.0,0.791,0.58,0.815,0.136,0.0,0.228,0.087,R&B
Travel With The Sun,8,rock,22.375,39,2019.0,0.511,0.569,0.287,0.139,0.0,0.213,0.036,摇滚
Of Monsters and Men,9,pop,22.333,75,2015.0,0.479,0.703,0.352,0.017,0.033,0.133,0.031,流行
Bobby Brown,41,r&b,22.195,56,1992.0,0.713,0.751,0.703,0.041,0.013,0.131,0.054,R&B
Cinderella,6,rock,22.167,61,1988.0,0.45,0.695,0.383,0.09,0.001,0.195,0.032,摇滚
Morbo,8,pop,22.125,30,2001.0,0.599,0.82,0.52,0.074,0.432,0.215,0.039,流行
Father MC,8,r&b,22.125,37,1992.0,0.793,0.708,0.762,0.111,0.0,0.172,0.12,R&B
Blackstreet,18,r&b,21.833,76,1995.0,0.803,0.677,0.669,0.146,0.0,0.174,0.128,R&B
6ix9ine,10,rap,21.8,70,2018.0,0.774,0.677,0.475,0.134,0.0,0.156,0.258,说唱
Tony Dize,14,latin,21.714,65,2010.0,0.727,0.74,0.818,0.163,0.0,0.157,0.082,拉丁
Troop,10,r&b,21.7,55,1989.0,0.728,0.652,0.729,0.135,0.013,0.146,0.064,R&B
Jay Hardway,13,edm,21.692,59,2017.0,0.607,0.821,0.32,0.017,0.401,0.259,0.058,电子舞曲
Sean Price,9,rap,21.667,26,2012.0,0.502,0.799,0.566,0.068,0.001,0.256,0.359,说唱
Jonny Joel,6,edm,21.667,34,2019.0,0.745,0.494,0.464,0.158,0.321,0.102,0.096,电子舞曲
The Friday Night Boys,5,pop,21.6,31,2009.0,0.462,0.77,0.545,0.176,0.0,0.132,0.084,流行
twoloud,10,edm,21.6,48,2015.0,0.604,0.876,0.325,0.005,0.214,0.357,0.093,电子舞曲
Firebeatz,12,edm,21.583,54,2015.0,0.652,0.866,0.327,0.008,0.247,0.168,0.072,电子舞曲
The Pretty Reckless,7,rap,21.571,53,2014.0,0.513,0.872,0.392,0.025,0.006,0.305,0.091,说唱
Rick Ross,44,rap,21.545,69,2012.0,0.582,0.74,0.408,0.067,0.0,0.275,0.222,说唱
Swanky Tunes,8,edm,21.375,53,2015.0,0.565,0.884,0.283,0.084,0.021,0.257,0.076,电子舞曲
Childish Gambino,20,r&b,21.35,81,2016.0,0.654,0.49,0.483,0.175,0.058,0.172,0.16,R&B
Iron Maiden,9,rock,21.333,55,1983.0,0.281,0.909,0.454,0.011,0.032,0.324,0.069,摇滚
T.I.,33,rap,21.242,74,2006.0,0.634,0.767,0.484,0.104,0.0,0.237,0.233,说唱
Freddy Moreira,5,latin,21.2,28,2016.0,0.846,0.895,0.73,0.017,0.315,0.225,0.149,拉丁
Kevu,5,edm,21.0,34,2019.0,0.624,0.904,0.15,0.004,0.301,0.167,0.119,电子舞曲
Creedence Clearwater Revival,32,rock,20.906,80,1976.0,0.675,0.665,0.764,0.115,0.069,0.141,0.039,摇滚
Timeflies,5,pop,20.8,66,2016.0,0.681,0.707,0.494,0.114,0.0,0.224,0.124,流行
Bon Jovi,25,rock,20.76,83,2010.0,0.473,0.863,0.66,0.052,0.003,0.225,0.045,摇滚
Hellberg,6,edm,20.667,52,2015.0,0.572,0.741,0.437,0.133,0.158,0.174,0.068,电子舞曲
Chuckii Booker,6,r&b,20.667,44,1990.5,0.672,0.697,0.752,0.057,0.028,0.08,0.043,R&B
blink-182,16,pop,20.625,78,2000.0,0.474,0.897,0.526,0.011,0.0,0.238,0.059,流行
Heart,14,rock,20.357,73,1985.0,0.478,0.645,0.532,0.164,0.027,0.231,0.042,摇滚
Sander van Doorn,11,edm,20.273,49,2014.0,0.546,0.901,0.312,0.009,0.4,0.236,0.066,电子舞曲
Zero Theorem,10,rock,20.2,40,2018.5,0.421,0.976,0.422,0.001,0.0,0.3,0.11,摇滚
A Tribe Called Quest,6,r&b,20.167,69,1993.0,0.85,0.527,0.68,0.164,0.172,0.152,0.305,R&B
The Who,31,rock,20.161,76,1996.0,0.517,0.761,0.429,0.194,0.177,0.188,0.046,摇滚
Ken Clayton,5,pop,20.0,29,2014.0,0.566,0.785,0.622,0.239,0.137,0.293,0.044,流行
Quintino,16,edm,19.938,52,2015.0,0.674,0.863,0.135,0.009,0.375,0.137,0.074,电子舞曲
Showtek,20,edm,19.9,57,2014.0,0.585,0.917,0.343,0.017,0.244,0.186,0.08,电子舞曲
New Edition,15,r&b,19.867,61,1996.0,0.694,0.721,0.747,0.265,0.003,0.272,0.058,R&B
Tom Swoon,5,edm,19.8,35,2014.0,0.511,0.807,0.296,0.078,0.109,0.211,0.113,电子舞曲
NAEMS,6,edm,19.667,27,2019.0,0.495,0.96,0.253,0.018,0.487,0.15,0.073,电子舞曲
The Psycho Realm,6,latin,19.667,29,2004.5,0.637,0.647,0.366,0.057,0.018,0.367,0.186,拉丁
Rim'K,6,r&b,19.333,61,2016.0,0.622,0.738,0.494,0.164,0.0,0.096,0.327,R&B
Alizzmatic,6,edm,19.333,22,2018.0,0.739,0.672,0.779,0.04,0.729,0.068,0.057,电子舞曲
Stevie Wonder,7,r&b,19.0,59,2004.0,0.511,0.579,0.699,0.3,0.001,0.173,0.048,R&B
Sunnery James & Ryan Marciano,5,latin,19.0,45,2018.0,0.714,0.859,0.352,0.014,0.398,0.208,0.054,拉丁
Bell Biv DeVoe,18,r&b,18.667,66,2002.0,0.771,0.713,0.665,0.047,0.002,0.345,0.108,R&B
Uriah Heep,5,rock,18.6,56,2009.0,0.377,0.762,0.55,0.044,0.071,0.155,0.07,摇滚
Martin Numan,7,edm,18.571,20,2018.0,0.67,0.776,0.594,0.085,0.761,0.23,0.093,电子舞曲
Erick Morillo,7,edm,18.571,49,2015.0,0.693,0.83,0.415,0.059,0.375,0.089,0.059,电子舞曲
Dj Electrocimatic,6,edm,18.333,20,2019.0,0.756,0.822,0.6,0.01,0.847,0.116,0.065,电子舞曲
Moguai,6,edm,18.333,34,2016.5,0.663,0.878,0.33,0.162,0.187,0.245,0.114,电子舞曲
Heavy D & The Boyz,19,r&b,18.211,57,1991.0,0.752,0.623,0.628,0.059,0.006,0.136,0.148,R&B
Sean C. Johnson,9,r&b,17.889,25,2012.0,0.574,0.637,0.666,0.27,0.0,0.17,0.119,R&B
DMX,18,rap,17.889,66,2007.0,0.692,0.846,0.613,0.088,0.0,0.204,0.249,说唱
Black Sabbath,16,rock,17.875,76,1972.5,0.387,0.658,0.438,0.03,0.008,0.146,0.073,摇滚
Daemus Moon,7,edm,17.857,20,2019.0,0.63,0.858,0.751,0.107,0.819,0.316,0.133,电子舞曲
Dada Life,6,edm,17.833,38,2019.0,0.645,0.917,0.267,0.024,0.289,0.205,0.093,电子舞曲
Club Nouveau,6,r&b,17.667,45,2006.5,0.773,0.658,0.672,0.042,0.0,0.087,0.076,R&B
Rainbow,8,rock,17.625,59,1977.0,0.503,0.752,0.64,0.284,0.004,0.296,0.045,摇滚
Zion,10,latin,17.6,67,2007.0,0.721,0.773,0.744,0.209,0.0,0.21,0.095,拉丁
John Christian,5,edm,17.6,52,2014.0,0.661,0.953,0.189,0.012,0.819,0.139,0.139,电子舞曲
Gareth Emery,7,edm,17.429,41,2014.0,0.531,0.819,0.27,0.029,0.205,0.197,0.05,电子舞曲
Shanice,5,r&b,17.4,59,1999.0,0.697,0.802,0.78,0.012,0.03,0.173,0.128,R&B
Steve Angello,5,edm,17.4,51,2015.0,0.621,0.728,0.224,0.03,0.573,0.127,0.069,电子舞曲
Borgeous,15,edm,17.067,56,2014.0,0.627,0.842,0.358,0.036,0.208,0.135,0.086,电子舞曲
Jordan Rakei,11,r&b,17.0,43,2015.0,0.729,0.47,0.545,0.21,0.017,0.138,0.173,R&B
David Banner,5,rap,17.0,55,2003.0,0.776,0.806,0.733,0.037,0.0,0.09,0.212,说唱
Manfred Mann's Earth Band,5,rock,16.8,61,1996.0,0.573,0.632,0.561,0.272,0.003,0.074,0.112,摇滚
D'Angelo,25,r&b,16.72,62,2008.0,0.716,0.463,0.561,0.275,0.062,0.166,0.149,R&B
KISS,25,rock,16.56,78,1996.0,0.591,0.874,0.661,0.099,0.037,0.283,0.065,摇滚
Chris Goldarg,10,edm,16.4,19,2019.0,0.734,0.841,0.616,0.062,0.493,0.138,0.105,电子舞曲
Julian Calor,6,edm,16.333,27,2015.0,0.588,0.72,0.138,0.037,0.285,0.24,0.06,电子舞曲
Pastor Troy,14,rap,16.214,52,2005.0,0.704,0.799,0.469,0.039,0.001,0.253,0.181,说唱
Tvbuu,5,rap,16.2,22,2019.0,0.724,0.717,0.327,0.171,0.0,0.224,0.207,说唱
Headhunterz,9,edm,16.0,39,2015.0,0.501,0.87,0.254,0.026,0.093,0.207,0.131,电子舞曲
Tetengo,13,edm,15.923,20,2018.0,0.696,0.771,0.511,0.014,0.686,0.147,0.091,电子舞曲
Portrait,11,r&b,15.909,39,2000.0,0.699,0.624,0.599,0.04,0.053,0.163,0.085,R&B
Young Buck,8,rap,15.875,57,2006.0,0.696,0.784,0.584,0.244,0.0,0.096,0.278,说唱
You Me At Six,25,pop,15.84,55,2008.0,0.427,0.817,0.482,0.031,0.016,0.206,0.064,流行
Afrojack,31,edm,15.774,58,2014.0,0.626,0.848,0.377,0.087,0.211,0.18,0.066,电子舞曲
gizmo,12,rap,15.75,49,2018.0,0.807,0.686,0.276,0.061,0.0,0.266,0.198,说唱
Semser,19,edm,15.684,19,2018.0,0.697,0.752,0.381,0.09,0.664,0.171,0.1,电子舞曲
Gregor Salto,7,latin,15.571,37,2014.0,0.821,0.824,0.497,0.059,0.388,0.087,0.075,拉丁
Johnny O.,5,latin,15.4,47,2011.0,0.666,0.588,0.58,0.045,0.175,0.086,0.048,拉丁
Rahsaan Patterson,7,r&b,15.143,43,1999.0,0.709,0.544,0.622,0.191,0.0,0.116,0.067,R&B
Pegboard Nerds,6,edm,14.833,50,2015.5,0.563,0.957,0.325,0.003,0.414,0.375,0.109,电子舞曲
Guy,29,r&b,14.69,55,1990.0,0.739,0.7,0.691,0.043,0.012,0.226,0.069,R&B
Central Coast Clique,5,latin,14.4,29,2004.0,0.9,0.521,0.669,0.258,0.0,0.11,0.224,拉丁
Bushido,5,rap,14.4,22,2017.0,0.773,0.72,0.453,0.135,0.0,0.122,0.226,说唱
Jamiroquai,5,r&b,14.4,45,1999.0,0.669,0.59,0.641,0.299,0.23,0.123,0.101,R&B
Stan Kolev,5,edm,14.4,31,2018.0,0.73,0.722,0.45,0.05,0.898,0.214,0.06,电子舞曲
Mos Def,5,r&b,14.2,55,2005.0,0.624,0.611,0.561,0.144,0.0,0.238,0.343,R&B
Rob Stepwart,20,edm,14.05,17,2018.0,0.717,0.772,0.45,0.102,0.659,0.226,0.147,电子舞曲
Paul McCartney,22,rock,14.045,71,1977.5,0.472,0.46,0.548,0.362,0.015,0.21,0.033,摇滚
Bingo Players,7,edm,14.0,41,2013.0,0.717,0.884,0.494,0.016,0.268,0.288,0.063,电子舞曲
Jimmy Eat World,6,rock,13.833,48,2001.0,0.586,0.757,0.673,0.076,0.006,0.232,0.055,摇滚
Remik Gonzalez,8,rap,13.625,50,2017.0,0.788,0.649,0.855,0.166,0.0,0.248,0.254,说唱
Nazareth,5,rock,13.6,58,2010.0,0.469,0.615,0.258,0.005,0.072,0.183,0.06,摇滚
Metro Boomin,6,r&b,13.333,63,2018.0,0.759,0.472,0.343,0.368,0.006,0.15,0.23,R&B
Thin Lizzy,13,rock,13.308,74,1980.0,0.452,0.806,0.706,0.223,0.058,0.297,0.088,摇滚
Two Feet,8,pop,13.25,61,2016.5,0.717,0.413,0.251,0.378,0.28,0.132,0.118,流行
John Dahlbäck,8,edm,12.875,33,2014.0,0.594,0.814,0.207,0.049,0.029,0.215,0.046,电子舞曲
Lemaitre,6,pop,12.833,40,2014.0,0.581,0.733,0.332,0.083,0.022,0.17,0.058,流行
CAZZETTE,11,edm,12.364,50,2014.0,0.674,0.713,0.289,0.043,0.048,0.143,0.05,电子舞曲
Ms. Lauryn Hill,16,r&b,12.25,67,1998.0,0.566,0.59,0.622,0.258,0.0,0.306,0.177,R&B
The.madpix.project,5,pop,12.2,24,2015.0,0.658,0.867,0.459,0.027,0.183,0.33,0.106,流行
Pasabordo,7,latin,11.714,45,2013.0,0.732,0.827,0.773,0.344,0.0,0.19,0.117,拉丁
DJ DMD,6,rap,11.5,28,1998.0,0.808,0.69,0.669,0.011,0.0,0.285,0.208,说唱
Camel,7,rock,11.286,41,2009.0,0.359,0.53,0.503,0.41,0.757,0.144,0.037,摇滚
Riff,5,r&b,11.2,21,1991.0,0.648,0.749,0.685,0.065,0.001,0.201,0.075,R&B
Man Overboard,5,pop,11.2,16,2011.0,0.43,0.929,0.512,0.001,0.0,0.199,0.087,流行
Kendra Morris,10,r&b,11.1,32,2014.0,0.541,0.551,0.418,0.219,0.017,0.177,0.037,R&B
Ralph Tresvant,15,r&b,11.067,54,1990.0,0.723,0.769,0.692,0.126,0.112,0.14,0.059,R&B
DEAMN,7,edm,11.0,34,2017.0,0.685,0.874,0.536,0.183,0.001,0.163,0.031,电子舞曲
Sidney Samson,6,edm,10.833,42,2014.0,0.682,0.728,0.215,0.083,0.495,0.109,0.09,电子舞曲
The Deele,6,r&b,10.5,49,1993.0,0.649,0.825,0.666,0.068,0.0,0.126,0.084,R&B
Местный,6,rap,10.5,45,2018.0,0.662,0.728,0.543,0.296,0.0,0.097,0.323,说唱
In This Moment,6,rock,10.167,59,2012.0,0.493,0.948,0.439,0.007,0.0,0.162,0.09,摇滚
Aqua,5,pop,10.0,43,2009.0,0.702,0.962,0.904,0.033,0.019,0.365,0.035,流行
The Allman Brothers Band,15,rock,9.733,58,2000.0,0.457,0.657,0.72,0.416,0.142,0.31,0.042,摇滚
D-Rashid,5,latin,9.0,29,2017.0,0.734,0.85,0.64,0.032,0.403,0.239,0.104,拉丁
Lil Keke,5,rap,9.0,27,1998.0,0.784,0.657,0.76,0.029,0.001,0.196,0.256,说唱
Frank Mccomb,5,r&b,9.0,14,2000.0,0.652,0.41,0.436,0.661,0.0,0.121,0.046,R&B
Lynyrd Skynyrd,32,rock,8.688,81,2008.0,0.491,0.655,0.726,0.179,0.014,0.182,0.044,摇滚
Fat Pat,11,rap,8.455,33,2001.0,0.8,0.614,0.657,0.069,0.001,0.201,0.187,说唱
Method Man,6,rap,8.0,35,2000.0,0.704,0.657,0.479,0.123,0.001,0.238,0.283,说唱
Javiera Mena,43,pop,7.953,40,2014.0,0.616,0.704,0.573,0.185,0.085,0.165,0.034,流行
BANKS,16,pop,7.688,60,2016.0,0.54,0.526,0.365,0.294,0.002,0.184,0.114,流行
G-Unit,17,rap,7.412,67,2003.0,0.659,0.791,0.626,0.169,0.0,0.202,0.335,说唱
Harry Nilsson,5,rock,7.4,13,1971.0,0.461,0.344,0.389,0.414,0.0,0.152,0.037,摇滚
UFO,9,rock,7.222,60,2008.0,0.305,0.86,0.546,0.0,0.164,0.369,0.084,摇滚
Kool Moe Dee,5,r&b,7.2,19,1987.0,0.804,0.749,0.706,0.006,0.001,0.072,0.102,R&B
Apollo LTD,5,pop,7.0,35,2018.0,0.612,0.833,0.595,0.005,0.0,0.15,0.049,流行
Daniel Johnson,6,r&b,7.0,10,2011.0,0.536,0.589,0.449,0.37,0.0,0.191,0.136,R&B
TJR,8,edm,6.75,32,2013.0,0.798,0.908,0.36,0.002,0.332,0.149,0.085,电子舞曲
Panama Wedding,7,pop,6.571,46,2014.0,0.683,0.721,0.851,0.079,0.003,0.16,0.047,流行
Kollegah,9,rap,6.444,42,2015.0,0.579,0.783,0.381,0.15,0.0,0.118,0.283,说唱
D12,8,rap,6.375,38,2002.5,0.735,0.714,0.597,0.129,0.0,0.19,0.271,说唱
N.V.,6,latin,6.0,36,1994.0,0.712,0.682,0.511,0.033,0.001,0.101,0.047,拉丁
Genairo Nvilla,9,latin,5.889,13,2016.0,0.773,0.916,0.323,0.012,0.678,0.084,0.095,拉丁
Adrianne Archie,7,r&b,5.571,10,2006.0,0.637,0.67,0.619,0.174,0.008,0.154,0.193,R&B
Capital Kings,17,edm,5.529,49,2015.0,0.587,0.893,0.347,0.054,0.074,0.131,0.092,电子舞曲
LEISURE,5,pop,5.2,10,2016.0,0.781,0.475,0.604,0.055,0.155,0.077,0.043,流行
Debra Killings,6,r&b,5.0,8,2003.0,0.514,0.526,0.545,0.222,0.0,0.213,0.182,R&B
Various Artists,8,rap,4.75,28,2015.5,0.571,0.713,0.568,0.076,0.109,0.235,0.056,说唱
DJ Screw & The Screwed Up Click,6,rap,4.333,10,2008.0,0.549,0.685,0.642,0.498,0.221,0.416,0.296,说唱
Cynthia Jones,6,r&b,4.167,9,2011.0,0.728,0.363,0.51,0.392,0.002,0.078,0.137,R&B
GAWVI,13,edm,4.154,50,2017.0,0.643,0.683,0.409,0.123,0.001,0.199,0.07,电子舞曲
All Time Low,19,pop,3.895,39,2009.0,0.488,0.833,0.553,0.059,0.0,0.208,0.06,流行
Miguel Rios,31,rock,3.548,63,2005.0,0.415,0.818,0.509,0.068,0.044,0.71,0.054,摇滚
Spencer & Hill,5,edm,3.0,7,2008.0,0.779,0.703,0.7,0.025,0.684,0.297,0.129,电子舞曲
Saliva,5,rock,2.6,7,2001.0,0.54,0.931,0.5,0.002,0.18,0.188,0.057,摇滚
Green Tea,8,r&b,0.5,1,2008.0,0.571,0.578,0.529,0.226,0.0,0.234,0.156,R&B
Jotdog,8,pop,0.125,1,2010.5,0.634,0.734,0.518,0.226,0.016,0.145,0.035,流行
New World Sound,5,edm,0.0,0,2013.0,0.669,0.881,0.17,0.004,0.661,0.098,0.062,电子舞曲
T-SQUARE,8,rock,0.0,0,2015.0,0.613,0.741,0.67,0.139,0.35,0.15,0.035,摇滚
Lisa McClendon,11,r&b,0.0,0,2003.0,0.664,0.44,0.491,0.344,0.0,0.26,0.102,R&B
LemKuuja,8,r&b,0.0,0,2018.0,0.75,0.761,0.636,0.04,0.133,0.333,0.242,R&B
CASIOPEA,20,rock,0.0,0,2010.0,0.632,0.59,0.622,0.362,0.778,0.169,0.041,摇滚
Ballin Entertainment,42,latin,0.0,0,2008.0,0.691,0.719,0.761,0.048,0.057,0.175,0.077,拉丁
Hanybal,5,rap,0.0,0,2016.0,0.673,0.784,0.625,0.09,0.0,0.138,0.3,说唱
Jamie Jones,7,r&b,0.0,0,2005.0,0.739,0.527,0.688,0.374,0.0,0.164,0.147,R&B
Portavoz,5,latin,0.0,0,2016.0,0.754,0.617,0.811,0.198,0.0,0.19,0.345,拉丁
