词条,类别,说明,约束类型,目标,下限,上限,权重,备注
伤感,情绪氛围,情绪效价低于平均,方向,情绪效价,-1,,1.0,
悲伤,情绪氛围,情绪效价低于平均,方向,情绪效价,-1,,1.0,
难过,情绪氛围,情绪效价低于平均,方向,情绪效价,-1,,1.0,
心碎,情绪氛围,情绪效价低于平均,方向,情绪效价,-1,,1.0,
忧郁,情绪氛围,情绪效价低、小调,方向,情绪效价,-1,,1.0,
忧郁,情绪氛围,情绪效价低、小调,调式,小调,0,,1.0,
丧,情绪氛围,情绪效价与能量都低于平均,方向,情绪效价,-1,,1.0,
丧,情绪氛围,情绪效价与能量都低于平均,方向,能量,-1,,1.0,
压抑,情绪氛围,情绪效价与能量低、小调,方向,情绪效价,-1,,1.0,
压抑,情绪氛围,情绪效价与能量低、小调,方向,能量,-1,,1.0,
压抑,情绪氛围,情绪效价与能量低、小调,调式,小调,0,,1.0,
治愈,情绪氛围,情绪效价高于平均、能量偏低、偏原声,方向,情绪效价,1,,1.0,
治愈,情绪氛围,情绪效价高于平均、能量偏低、偏原声,方向,能量,-1,,1.0,
治愈,情绪氛围,情绪效价高于平均、能量偏低、偏原声,方向,原声度,1,,1.0,
温暖,情绪氛围,情绪效价与原声度高于平均,方向,情绪效价,1,,1.0,
温暖,情绪氛围,情绪效价与原声度高于平均,方向,原声度,1,,1.0,
温柔,情绪氛围,能量低、原声度高、情绪效价偏高,方向,能量,-1,,1.0,
温柔,情绪氛围,能量低、原声度高、情绪效价偏高,方向,原声度,1,,1.0,
温柔,情绪氛围,能量低、原声度高、情绪效价偏高,方向,情绪效价,1,,1.0,
浪漫,情绪氛围,情绪效价高、能量低、偏原声,方向,情绪效价,1,,1.0,
浪漫,情绪氛围,情绪效价高、能量低、偏原声,方向,能量,-1,,1.0,
浪漫,情绪氛围,情绪效价高、能量低、偏原声,方向,原声度,1,,1.0,
情歌,情绪氛围,情绪效价高、能量偏低,方向,情绪效价,1,,1.0,
情歌,情绪氛围,情绪效价高、能量偏低,方向,能量,-1,,1.0,
抒情,情绪氛围,能量低、原声度高,方向,能量,-1,,1.0,
抒情,情绪氛围,能量低、原声度高,方向,原声度,1,,1.0,
深情,情绪氛围,能量低、情绪效价偏高,方向,能量,-1,,1.0,
深情,情绪氛围,能量低、情绪效价偏高,方向,情绪效价,1,,1.0,
开心,情绪氛围,情绪效价与能量高于平均,方向,情绪效价,1,,1.0,
开心,情绪氛围,情绪效价与能量高于平均,方向,能量,1,,1.0,
欢快,情绪氛围,情绪效价、能量、舞蹈性都高于平均,方向,情绪效价,1,,1.0,
欢快,情绪氛围,情绪效价、能量、舞蹈性都高于平均,方向,能量,1,,1.0,
欢快,情绪氛围,情绪效价、能量、舞蹈性都高于平均,方向,舞蹈性,1,,1.0,
快乐,情绪氛围,情绪效价与能量高于平均,方向,情绪效价,1,,1.0,
快乐,情绪氛围,情绪效价与能量高于平均,方向,能量,1,,1.0,
阳光,情绪氛围,情绪效价与能量高于平均,方向,情绪效价,1,,1.0,
阳光,情绪氛围,情绪效价与能量高于平均,方向,能量,1,,1.0,
正能量,情绪氛围,情绪效价与能量高于平均,方向,情绪效价,1,,1.0,
正能量,情绪氛围,情绪效价与能量高于平均,方向,能量,1,,1.0,
甜,情绪氛围,情绪效价与原声度偏高,方向,情绪效价,1,,1.0,
甜,情绪氛围,情绪效价与原声度偏高,方向,原声度,1,,1.0,
燃,情绪氛围,能量与响度高于平均,方向,能量,1,,1.0,
燃,情绪氛围,能量与响度高于平均,方向,响度,1,,1.0,
热血,情绪氛围,能量与响度高于平均,方向,能量,1,,1.0,
热血,情绪氛围,能量与响度高于平均,方向,响度,1,,1.0,
激昂,情绪氛围,能量与响度高于平均,方向,能量,1,,1.0,
激昂,情绪氛围,能量与响度高于平均,方向,响度,1,,1.0,
亢奋,情绪氛围,能量高、节奏快,方向,能量,1,,1.0,
亢奋,情绪氛围,能量高、节奏快,区间,节奏,130,,1.0,
上头,情绪氛围,能量与舞蹈性高于平均,方向,能量,1,,1.0,
上头,情绪氛围,能量与舞蹈性高于平均,方向,舞蹈性,1,,1.0,
带感,情绪氛围,舞蹈性与能量高于平均,方向,舞蹈性,1,,1.0,
带感,情绪氛围,舞蹈性与能量高于平均,方向,能量,1,,1.0,
暴躁,情绪氛围,能量与响度高于平均,方向,能量,1,,1.0,
暴躁,情绪氛围,能量与响度高于平均,方向,响度,1,,1.0,
硬核,情绪氛围,能量与响度高于平均,方向,能量,1,,1.0,
硬核,情绪氛围,能量与响度高于平均,方向,响度,1,,1.0,
安静,情绪氛围,能量与响度低于平均,方向,能量,-1,,1.0,
安静,情绪氛围,能量与响度低于平均,方向,响度,-1,,1.0,
宁静,情绪氛围,能量低、响度低、偏原声,方向,能量,-1,,1.0,
宁静,情绪氛围,能量低、响度低、偏原声,方向,响度,-1,,1.0,
宁静,情绪氛围,能量低、响度低、偏原声,方向,原声度,1,,1.0,
舒缓,情绪氛围,能量低、节奏慢,方向,能量,-1,,1.0,
舒缓,情绪氛围,能量低、节奏慢,区间,节奏,,100,1.0,
放松,情绪氛围,能量低、偏原声,方向,能量,-1,,1.0,
放松,情绪氛围,能量低、偏原声,方向,原声度,1,,1.0,
助眠,情绪氛围,能量低、响度低、节奏慢,方向,能量,-1,,1.0,
助眠,情绪氛围,能量低、响度低、节奏慢,方向,响度,-1,,1.0,
助眠,情绪氛围,能量低、响度低、节奏慢,区间,节奏,,100,1.0,
催眠,情绪氛围,能量低、节奏慢,方向,能量,-1,,1.0,
催眠,情绪氛围,能量低、节奏慢,区间,节奏,,100,1.0,
冥想,情绪氛围,能量低、器乐占比偏高,方向,能量,-1,,1.0,
冥想,情绪氛围,能量低、器乐占比偏高,区间,器乐占比,0.3,,1.0,
空灵,情绪氛围,能量低、偏原声、器乐占比偏高,方向,能量,-1,,1.0,
空灵,情绪氛围,能量低、偏原声、器乐占比偏高,方向,原声度,1,,1.0,
空灵,情绪氛围,能量低、偏原声、器乐占比偏高,区间,器乐占比,0.2,,1.0,
氛围感,情绪氛围,器乐占比偏高、能量低,区间,器乐占比,0.3,,1.0,
氛围感,情绪氛围,器乐占比偏高、能量低,方向,能量,-1,,1.0,
梦幻,情绪氛围,能量低、偏原声,方向,能量,-1,,1.0,
梦幻,情绪氛围,能量低、偏原声,方向,原声度,1,,1.0,
神秘,情绪氛围,小调、能量低,调式,小调,0,,1.0,
神秘,情绪氛围,小调、能量低,方向,能量,-1,,1.0,
怀旧,情绪氛围,老歌（2000 年及以前）、偏原声,区间,发行年份,,2000,1.0,
怀旧,情绪氛围,老歌（2000 年及以前）、偏原声,方向,原声度,1,,1.0,
快歌,节奏速度,节奏 ≥130 BPM,区间,节奏,130,,1.0,
快节奏,节奏速度,节奏 ≥130 BPM,区间,节奏,130,,1.0,
激烈,节奏速度,节奏快、能量高,区间,节奏,130,,1.0,
激烈,节奏速度,节奏快、能量高,方向,能量,1,,1.0,
高能,节奏速度,能量高、节奏快,方向,能量,1,,1.0,
高能,节奏速度,能量高、节奏快,区间,节奏,130,,1.0,
慢歌,节奏速度,节奏 ≤100 BPM,区间,节奏,,100,1.0,
慢节奏,节奏速度,节奏 ≤100 BPM,区间,节奏,,100,1.0,
慢摇,节奏速度,节奏偏慢、舞蹈性偏高,区间,节奏,,110,1.0,
慢摇,节奏速度,节奏偏慢、舞蹈性偏高,方向,舞蹈性,1,,1.0,
中速,节奏速度,节奏 100~130 BPM,区间,节奏,100,130,1.0,
蹦迪,节奏速度,舞蹈性、能量高，节奏 ≥120 BPM,方向,舞蹈性,1,,1.0,
蹦迪,节奏速度,舞蹈性、能量高，节奏 ≥120 BPM,方向,能量,1,,1.0,
蹦迪,节奏速度,舞蹈性、能量高，节奏 ≥120 BPM,区间,节奏,120,,1.0,
舞曲,节奏速度,舞蹈性与能量高于平均,方向,舞蹈性,1,,1.0,
舞曲,节奏速度,舞蹈性与能量高于平均,方向,能量,1,,1.0,
夜店,节奏速度,舞蹈性与能量高于平均,方向,舞蹈性,1,,1.0,
夜店,节奏速度,舞蹈性与能量高于平均,方向,能量,1,,1.0,
派对,节奏速度,舞蹈性、能量、情绪效价都高,方向,舞蹈性,1,,1.0,
派对,节奏速度,舞蹈性、能量、情绪效价都高,方向,能量,1,,1.0,
派对,节奏速度,舞蹈性、能量、情绪效价都高,方向,情绪效价,1,,1.0,
嗨,节奏速度,能量与舞蹈性高于平均,方向,能量,1,,1.0,
嗨,节奏速度,能量与舞蹈性高于平均,方向,舞蹈性,1,,1.0,
律动,节奏速度,舞蹈性高于平均,方向,舞蹈性,1,,1.0,
摇摆,节奏速度,舞蹈性高于平均,方向,舞蹈性,1,,1.0,
节奏感强,节奏速度,舞蹈性高、节奏偏快,方向,舞蹈性,1,,1.0,
节奏感强,节奏速度,舞蹈性高、节奏偏快,区间,节奏,120,,1.0,
鼓点重,节奏速度,舞蹈性与能量高于平均,方向,舞蹈性,1,,1.0,
鼓点重,节奏速度,舞蹈性与能量高于平均,方向,能量,1,,1.0,
钢琴,乐器编制,用「原声度 ≥0.35」近似（数据集无乐器识别）,区间,原声度,0.35,,1.0,
吉他,乐器编制,用「原声度 ≥0.30」近似（数据集无乐器识别）,区间,原声度,0.3,,1.0,
木吉他,乐器编制,用「原声度 ≥0.40」近似（数据集无乐器识别）,区间,原声度,0.4,,1.0,
原声,乐器编制,原声度 ≥0.40,区间,原声度,0.4,,1.0,
不插电,乐器编制,原声度 ≥0.50、现场感偏高,区间,原声度,0.5,,1.0,
不插电,乐器编制,原声度 ≥0.50、现场感偏高,区间,现场感,0.2,,1.0,
纯音乐,乐器编制,器乐占比 ≥0.50（几乎无人声）,区间,器乐占比,0.5,,1.0,
器乐,乐器编制,器乐占比 ≥0.50,区间,器乐占比,0.5,,1.0,
无人声,乐器编制,器乐占比 ≥0.50,区间,器乐占比,0.5,,1.0,
伴奏,乐器编制,器乐占比 ≥0.40,区间,器乐占比,0.4,,1.0,
轻音乐,乐器编制,器乐占比偏高、能量低,区间,器乐占比,0.4,,1.0,
轻音乐,乐器编制,器乐占比偏高、能量低,方向,能量,-1,,1.0,
电子,乐器编制,电子舞曲流派、原声度低、能量高,流派,电子舞曲,,,1.0,
电子,乐器编制,电子舞曲流派、原声度低、能量高,方向,原声度,-1,,1.0,
电子,乐器编制,电子舞曲流派、原声度低、能量高,方向,能量,1,,1.0,
电音,乐器编制,电子舞曲流派、原声度低、能量高,流派,电子舞曲,,,1.0,
电音,乐器编制,电子舞曲流派、原声度低、能量高,方向,原声度,-1,,1.0,
电音,乐器编制,电子舞曲流派、原声度低、能量高,方向,能量,1,,1.0,
合成器,乐器编制,原声度低、能量高（近似）,方向,原声度,-1,,1.0,
合成器,乐器编制,原声度低、能量高（近似）,方向,能量,1,,1.0,
edm,乐器编制,电子舞曲流派,流派,电子舞曲,,,1.0,
弦乐,乐器编制,用「原声度高、器乐占比偏高」近似（无乐器识别）,方向,原声度,1,,1.0,
弦乐,乐器编制,用「原声度高、器乐占比偏高」近似（无乐器识别）,区间,器乐占比,0.2,,1.0,
管弦,乐器编制,用「原声度高、器乐占比偏高」近似（无乐器识别）,方向,原声度,1,,1.0,
管弦,乐器编制,用「原声度高、器乐占比偏高」近似（无乐器识别）,区间,器乐占比,0.3,,1.0,
现场,乐器编制,现场感 ≥0.40,区间,现场感,0.4,,1.0,
演唱会,乐器编制,现场感 ≥0.50,区间,现场感,0.5,,1.0,
清唱,乐器编制,原声度高、器乐占比低（近似「纯人声」）,区间,原声度,0.5,,1.0,
清唱,乐器编制,原声度高、器乐占比低（近似「纯人声」）,区间,器乐占比,,0.1,1.0,
说唱,人声演唱,说唱流派、语音占比高,流派,说唱,,,1.0,
说唱,人声演唱,说唱流派、语音占比高,区间,语音占比,0.15,,1.0,
rap,人声演唱,说唱流派、语音占比高,流派,说唱,,,1.0,
rap,人声演唱,说唱流派、语音占比高,区间,语音占比,0.15,,1.0,
饶舌,人声演唱,说唱流派、语音占比高,流派,说唱,,,1.0,
饶舌,人声演唱,说唱流派、语音占比高,区间,语音占比,0.15,,1.0,
嘻哈,人声演唱,说唱流派、语音占比高,流派,说唱,,,1.0,
嘻哈,人声演唱,说唱流派、语音占比高,区间,语音占比,0.15,,1.0,
念白,人声演唱,语音占比高,区间,语音占比,0.2,,1.0,
低语,人声演唱,语音占比偏高、能量低,区间,语音占比,0.15,,1.0,
低语,人声演唱,语音占比偏高、能量低,方向,能量,-1,,1.0,
健身,使用场景,能量高、节奏快、舞蹈性高,方向,能量,1,,1.0,
健身,使用场景,能量高、节奏快、舞蹈性高,区间,节奏,120,,1.0,
健身,使用场景,能量高、节奏快、舞蹈性高,方向,舞蹈性,1,,1.0,
跑步,使用场景,能量高、节奏快、舞蹈性高,方向,能量,1,,1.0,
跑步,使用场景,能量高、节奏快、舞蹈性高,区间,节奏,120,,1.0,
跑步,使用场景,能量高、节奏快、舞蹈性高,方向,舞蹈性,1,,1.0,
运动,使用场景,能量高、节奏快、舞蹈性高,方向,能量,1,,1.0,
运动,使用场景,能量高、节奏快、舞蹈性高,区间,节奏,120,,1.0,
运动,使用场景,能量高、节奏快、舞蹈性高,方向,舞蹈性,1,,1.0,
撸铁,使用场景,能量高、节奏快,方向,能量,1,,1.0,
撸铁,使用场景,能量高、节奏快,区间,节奏,120,,1.0,
深夜,使用场景,能量低、节奏偏慢、偏原声,方向,能量,-1,,1.0,
深夜,使用场景,能量低、节奏偏慢、偏原声,区间,节奏,,110,1.0,
深夜,使用场景,能量低、节奏偏慢、偏原声,方向,原声度,1,,1.0,
睡前,使用场景,能量低、响度低、节奏慢,方向,能量,-1,,1.0,
睡前,使用场景,能量低、响度低、节奏慢,方向,响度,-1,,1.0,
睡前,使用场景,能量低、响度低、节奏慢,区间,节奏,,100,1.0,
失眠,使用场景,能量低、情绪效价低,方向,能量,-1,,1.0,
失眠,使用场景,能量低、情绪效价低,方向,情绪效价,-1,,1.0,
夜晚,使用场景,能量低、偏原声,方向,能量,-1,,1.0,
夜晚,使用场景,能量低、偏原声,方向,原声度,1,,1.0,
学习,使用场景,器乐占比偏高、语音占比低、能量低,区间,器乐占比,0.3,,1.0,
学习,使用场景,器乐占比偏高、语音占比低、能量低,区间,语音占比,,0.1,1.0,
学习,使用场景,器乐占比偏高、语音占比低、能量低,方向,能量,-1,,1.0,
专注,使用场景,器乐占比偏高、语音占比低,区间,器乐占比,0.3,,1.0,
专注,使用场景,器乐占比偏高、语音占比低,区间,语音占比,,0.1,1.0,
工作,使用场景,器乐占比偏高、能量低,区间,器乐占比,0.3,,1.0,
工作,使用场景,器乐占比偏高、能量低,方向,能量,-1,,1.0,
通勤,使用场景,舞蹈性与能量偏高,方向,舞蹈性,1,,1.0,
通勤,使用场景,舞蹈性与能量偏高,方向,能量,1,,1.0,
开车,使用场景,舞蹈性、能量、情绪效价都偏高,方向,舞蹈性,1,,1.0,
开车,使用场景,舞蹈性、能量、情绪效价都偏高,方向,能量,1,,1.0,
开车,使用场景,舞蹈性、能量、情绪效价都偏高,方向,情绪效价,1,,1.0,
兜风,使用场景,情绪效价与能量偏高,方向,情绪效价,1,,1.0,
兜风,使用场景,情绪效价与能量偏高,方向,能量,1,,1.0,
咖啡厅,使用场景,原声度偏高、能量低,区间,原声度,0.3,,1.0,
咖啡厅,使用场景,原声度偏高、能量低,方向,能量,-1,,1.0,
看书,使用场景,原声度偏高、能量低、器乐占比偏高,区间,原声度,0.3,,1.0,
看书,使用场景,原声度偏高、能量低、器乐占比偏高,方向,能量,-1,,1.0,
看书,使用场景,原声度偏高、能量低、器乐占比偏高,区间,器乐占比,0.2,,1.0,
失恋,使用场景,情绪效价低、偏原声,方向,情绪效价,-1,,1.0,
失恋,使用场景,情绪效价低、偏原声,方向,原声度,1,,1.0,
分手,使用场景,情绪效价低于平均,方向,情绪效价,-1,,1.0,
独处,使用场景,能量低、偏原声、情绪效价偏低,方向,能量,-1,,1.0,
独处,使用场景,能量低、偏原声、情绪效价偏低,方向,原声度,1,,1.0,
独处,使用场景,能量低、偏原声、情绪效价偏低,方向,情绪效价,-1,,1.0,
婚礼,使用场景,情绪效价高、偏原声,方向,情绪效价,1,,1.0,
婚礼,使用场景,情绪效价高、偏原声,方向,原声度,1,,1.0,
生日,使用场景,情绪效价与能量高,方向,情绪效价,1,,1.0,
生日,使用场景,情绪效价与能量高,方向,能量,1,,1.0,
节日,使用场景,情绪效价与能量高,方向,情绪效价,1,,1.0,
节日,使用场景,情绪效价与能量高,方向,能量,1,,1.0,
旅行,使用场景,情绪效价与舞蹈性偏高,方向,情绪效价,1,,1.0,
旅行,使用场景,情绪效价与舞蹈性偏高,方向,舞蹈性,1,,1.0,
雨天,使用场景,能量低、情绪效价低、偏原声,方向,能量,-1,,1.0,
雨天,使用场景,能量低、情绪效价低、偏原声,方向,情绪效价,-1,,1.0,
雨天,使用场景,能量低、情绪效价低、偏原声,方向,原声度,1,,1.0,
午后,使用场景,能量低、偏原声、情绪效价偏高,方向,能量,-1,,1.0,
午后,使用场景,能量低、偏原声、情绪效价偏高,方向,原声度,1,,1.0,
午后,使用场景,能量低、偏原声、情绪效价偏高,方向,情绪效价,1,,1.0,
拉丁,流派,拉丁流派,流派,拉丁,,,1.0,
雷鬼,流派,归在拉丁流派下（数据集无独立雷鬼标签）,流派,拉丁,,,1.0,
摇滚,流派,摇滚流派,流派,摇滚,,,1.0,
朋克,流派,摇滚流派、能量高（数据集无独立朋克标签）,流派,摇滚,,,1.0,
朋克,流派,摇滚流派、能量高（数据集无独立朋克标签）,方向,能量,1,,1.0,
金属,流派,摇滚流派、能量高（数据集无独立金属标签）,流派,摇滚,,,1.0,
金属,流派,摇滚流派、能量高（数据集无独立金属标签）,方向,能量,1,,1.0,
r&b,流派,R&B 流派,流派,R&B,,,1.0,
rnb,流派,R&B 流派,流派,R&B,,,1.0,
灵魂乐,流派,R&B 流派,流派,R&B,,,1.0,
蓝调,流派,R&B 流派（近似）,流派,R&B,,,1.0,
流行,流派,流行流派,流派,流行,,,1.0,
主流,流派,流行流派,流派,流行,,,1.0,
老歌,年代,2000 年及以前发行,区间,发行年份,,2000,1.0,
经典,年代,2000 年及以前发行,区间,发行年份,,2000,1.0,
复古,年代,2000 年及以前发行,区间,发行年份,,2000,1.0,
80年代,年代,1980~1989 年发行,区间,发行年份,1980,1989,1.0,
90年代,年代,1990~1999 年发行,区间,发行年份,1990,1999,1.0,
千禧,年代,2001~2010 年发行,区间,发行年份,2001,2010,1.0,
新歌,年代,2018 年及以后发行,区间,发行年份,2018,,1.0,
最新,年代,2018 年及以后发行,区间,发行年份,2018,,1.0,
近年,年代,2018 年及以后发行,区间,发行年份,2018,,1.0,
当下,年代,2018 年及以后发行,区间,发行年份,2018,,1.0,
大调,调式时长,大调（明亮）,调式,大调,1,,1.0,
明亮,调式时长,大调、情绪效价高,调式,大调,1,,1.0,
明亮,调式时长,大调、情绪效价高,方向,情绪效价,1,,1.0,
小调,调式时长,小调（忧郁）,调式,小调,0,,1.0,
短歌,调式时长,时长 ≤3 分钟,区间,时长,,180,1.0,
长歌,调式时长,时长 ≥5 分钟,区间,时长,300,,1.0,
史诗,调式时长,时长 ≥5 分钟、器乐占比偏高、能量高,区间,时长,300,,1.0,
史诗,调式时长,时长 ≥5 分钟、器乐占比偏高、能量高,区间,器乐占比,0.3,,1.0,
史诗,调式时长,时长 ≥5 分钟、器乐占比偏高、能量高,方向,能量,1,,1.0,
旋律,不支持,数据集没有旋律/音高信息,不支持,数据集只有音频特征，没有旋律、音高或音符数据,,,,可以描述情绪、快慢、乐器感、场景等，我来按这些找
哼唱,不支持,无法按哼唱匹配,不支持,按旋律找歌需要音频指纹服务，本项目数据里没有旋律信息,,,,试试用文字描述：快慢、情绪、乐器感、场景
歌词,不支持,数据集没有歌词文本,不支持,数据集没有歌词，无法按歌词内容找歌,,,,可以按情绪或场景描述，例如「失恋的慢歌」
女声,不支持,数据集没有歌手性别字段,不支持,数据集没有歌手性别或人声性别字段，无法按性别筛选,,,,可以按音色相关特征近似：语音占比低偏歌唱、能量高低等
男声,不支持,数据集没有歌手性别字段,不支持,数据集没有歌手性别或人声性别字段，无法按性别筛选,,,,可以按能量、语音占比等特征近似描述
萨克斯,不支持,数据集没有乐器识别,不支持,数据集没有乐器识别，只有原声度/器乐占比两个近似指标,,,,试试「原声」「纯音乐」「管弦」这类我可用的近似词
小提琴,不支持,数据集没有乐器识别,不支持,数据集没有乐器识别，无法区分具体乐器,,,,试试「弦乐」「原声」「纯音乐」这类近似词
中文歌,不支持,数据集没有语种字段,不支持,数据集是 Spotify 歌单数据，没有语种字段,,,,可以按流派、年代、情绪等描述来找
华语,不支持,数据集没有语种字段,不支持,数据集是 Spotify 歌单数据，没有语种字段,,,,可以按流派、年代、情绪等描述来找
粤语,不支持,数据集没有语种字段,不支持,数据集是 Spotify 歌单数据，没有语种字段,,,,可以按流派、年代、情绪等描述来找
